"Confirmed","Date","Type","Label","Address","Amount (RVN)","Asset","ID"
"true","2018-12-22T17:30:49","Received with","Mining","R9vTgLGABP8C1M4ayKt7qAibDGy4eNKBWQ","5.28504154","RVN","420227fc21bc9114c22abcb32a5d81f32a457631662c54842cea73e1e3ecc6a2"
"true","2018-12-21T23:21:28","Received with","Mining","R9vTgLGABP8C1M4ayKt7qAibDGy4eNKBWQ","6.01519086","RVN","c465fb77e08c701ab03eb83484980bbfeb56ef38e66345c3327ba525bfb5b912"
"true","2018-12-21T02:17:18","Received with","Mining","R9vTgLGABP8C1M4ayKt7qAibDGy4eNKBWQ","6.18618913","RVN","20ae488be6011e486dab2d0105bbddbc1e36ddadc510af41c06b68caa64f7fba"
"true","2018-12-20T20:17:33","Received with","Mining","R9vTgLGABP8C1M4ayKt7qAibDGy4eNKBWQ","6.72259320","RVN","38cfcc404a993527243d154b64ea3ad91a61d5ee814434285c76159e774d6b35"
"true","2018-12-19T23:10:58","Received with","Mining","R9vTgLGABP8C1M4ayKt7qAibDGy4eNKBWQ","5.13394028","RVN","620ff47af8de871a5427ad9eb3a7abfb82ddbfe180e3bd53c22135730d02f8a3"
"true","2018-12-19T17:10:24","Received with","Mining","R9vTgLGABP8C1M4ayKt7qAibDGy4eNKBWQ","5.60543101","RVN","8f154004bfcf853e1fc520293fd19e23edc3ebb2ae2c2ca30993dd691cf396f4"
"true","2018-12-18T23:03:35","Received with","Mining","R9vTgLGABP8C1M4ayKt7qAibDGy4eNKBWQ","6.40743998","RVN","6c775df3b93c70b972be49204919a60c12d13abb7441145ea4663a2508dd7394"
"true","2018-12-16T22:52:59","Received with","Mining","R9vTgLGABP8C1M4ayKt7qAibDGy4eNKBWQ","6.50554739","RVN","0398d750e46e52da48062eb0a026447254b7e7a7145afafc4105ef8530aba3d8"
"true","2018-12-16T10:48:46","Received with","Mining","R9vTgLGABP8C1M4ayKt7qAibDGy4eNKBWQ","3.66363794","RVN","2862a1e2306ef4a9f06bb8a60313506dc22b6219096d3b2b1c806dac40cc8cd7"
"true","2018-12-15T01:45:36","Received with","Mining","R9vTgLGABP8C1M4ayKt7qAibDGy4eNKBWQ","5.80561642","RVN","78295f1d98fdf820b162ababba6fa6651743a645d43672bbd238e1b7b81d6e8a"
"true","2018-12-13T01:29:07","Received with","Mining","R9vTgLGABP8C1M4ayKt7qAibDGy4eNKBWQ","8.06305723","RVN","90b82b7467af8bbd850750ef5061f410991934e0bd5c944cb5c755ae7b0e8d45"
"true","2018-12-11T01:18:10","Received with","Mining","R9vTgLGABP8C1M4ayKt7qAibDGy4eNKBWQ","5.98254751","RVN","eb927c46ceb87d44b4373cb1be08602f79fdab3fdb93641182789b9f34870da7"
"true","2018-12-09T22:09:51","Received with","Mining","R9vTgLGABP8C1M4ayKt7qAibDGy4eNKBWQ","7.69219420","RVN","0d3f18cb32c25f9b54c7339be70f4c4f6bc6ab8152df6bb15155d15ea559ae55"
"true","2018-12-09T10:10:14","Received with","Mining","R9vTgLGABP8C1M4ayKt7qAibDGy4eNKBWQ","4.59486983","RVN","48f2bba7762c3fd688386c4fc6efdd295740849497a17ad8ad0544a87f818ed2"
"true","2018-12-08T19:04:11","Received with","Mining","R9vTgLGABP8C1M4ayKt7qAibDGy4eNKBWQ","5.40232207","RVN","8713c95151154630d94d8e6ebeb5ac36481d6fc611981a2c0b94ed600f09ef69"
"true","2018-12-08T01:01:53","Received with","Mining","R9vTgLGABP8C1M4ayKt7qAibDGy4eNKBWQ","6.36633614","RVN","420b4a2bc6d328348d5784b168246417d5e5835b43e4c7495ffa6c7a47a089a2"
"true","2018-12-06T00:50:53","Received with","Mining","R9vTgLGABP8C1M4ayKt7qAibDGy4eNKBWQ","6.00593685","RVN","701aafaf92085736c0d494eb8b048bebdc5c913e86aac0b0898ccb95c837d317"
"true","2018-12-04T03:40:18","Received with","Mining","R9vTgLGABP8C1M4ayKt7qAibDGy4eNKBWQ","5.31560152","RVN","bd16499428a142e1694537b39dcf97404bc6d9205f7b049092c3afa927ca533a"
"true","2018-12-02T12:38:01","Received with","Mining","R9vTgLGABP8C1M4ayKt7qAibDGy4eNKBWQ","4.61603306","RVN","c6dfa1c2f4a3b6f22554bdb86bdcbb00b051b6b1bb699c2281f81949b17db4ba"
"true","2018-12-01T18:27:42","Received with","Mining","R9vTgLGABP8C1M4ayKt7qAibDGy4eNKBWQ","5.26218733","RVN","6777a0454d460c9f5d6df50fba6d9ba6e8abf2e312b834c7a0ab4cb83e1bbe46"
"true","2018-12-01T00:22:51","Received with","Mining","R9vTgLGABP8C1M4ayKt7qAibDGy4eNKBWQ","6.04352562","RVN","01970810cc183167fd5ffa943ac994d8f6c1bc46bc40db9d6c01a5692db89893"
"true","2018-11-30T15:21:32","Received with","Mining","R9vTgLGABP8C1M4ayKt7qAibDGy4eNKBWQ","5.50241171","RVN","2921cdab40ae358ba89747ef0fa64d0e9eb58b1ab76e8c09b6291bcf3e2d8a64"
"true","2018-11-28T21:10:03","Received with","Mining","R9vTgLGABP8C1M4ayKt7qAibDGy4eNKBWQ","5.36676730","RVN","6d1390efd6e86e7432ee337f0a28d4b129226a97ce16908651a6174570d71964"
"true","2018-11-25T23:58:07","Received with","Mining","R9vTgLGABP8C1M4ayKt7qAibDGy4eNKBWQ","5.08524345","RVN","8fdcd4ec6e7f8da5f1671fbda95812a189ef26a5433663ba3cae80303b77f2c4"
"true","2018-11-25T14:54:52","Received with","Mining","R9vTgLGABP8C1M4ayKt7qAibDGy4eNKBWQ","4.35591034","RVN","1977f5ec5baf913b810f5455d30d97cb0224bad17de9143e6369377de2807515"
"true","2018-11-24T20:47:44","Received with","Mining","R9vTgLGABP8C1M4ayKt7qAibDGy4eNKBWQ","5.24273179","RVN","0a47c52c0e5e10d546f6839fbcb11f705e3b02a831bea50db1cd3325624c66b7"
"true","2018-11-23T23:48:08","Received with","Mining","R9vTgLGABP8C1M4ayKt7qAibDGy4eNKBWQ","5.60023623","RVN","5a6e3bd6afac20f5241ad275cf298ff58e8120804162fbf0134153c67d2ea7c4"
"true","2018-11-23T02:35:22","Received with","Mining","R9vTgLGABP8C1M4ayKt7qAibDGy4eNKBWQ","5.37068817","RVN","530a0e0b2a7616053c7673ff192d3cb3a3063405ca56967e6a15d35c4b5ca1aa"
"true","2018-11-21T02:20:36","Received with","Mining","R9vTgLGABP8C1M4ayKt7qAibDGy4eNKBWQ","5.62066729","RVN","3bf90126f6c85ed38e03f300fe3464eebaeb048e88438833ea5669b144f14c8b"
"true","2018-11-19T02:10:42","Received with","Mining","R9vTgLGABP8C1M4ayKt7qAibDGy4eNKBWQ","5.68298558","RVN","b0a897681c185653df6e92792a729e59109d5ac17fdd0b6a8f82f9e4d3ee1ae1"
"true","2018-11-17T23:02:17","Received with","Mining","R9vTgLGABP8C1M4ayKt7qAibDGy4eNKBWQ","5.53578489","RVN","f02343f893a3715d7087ddba93c891002c19354bb567a18cfc0e2fac975c0715"
"true","2018-11-17T02:01:01","Received with","Mining","R9vTgLGABP8C1M4ayKt7qAibDGy4eNKBWQ","5.45829093","RVN","7a90c86ea4390ddfae36b92ce4f7d80c453bde08a3bc16b84b146a0273848362"
"true","2018-11-16T16:54:59","Received with","Mining","R9vTgLGABP8C1M4ayKt7qAibDGy4eNKBWQ","5.88747207","RVN","40e58b32c9006e2bb706941029c4452a282c31eb3c1fb0e2cf9e5d99f5ed069d"
"true","2018-11-15T01:45:28","Received with","Mining","R9vTgLGABP8C1M4ayKt7qAibDGy4eNKBWQ","5.40527269","RVN","764eb2bafdcd306728b2c5b2b5e9b31cde4e895d10a9388b94c9e11d068decb5"
"true","2018-11-13T01:36:04","Received with","Mining","R9vTgLGABP8C1M4ayKt7qAibDGy4eNKBWQ","7.81494125","RVN","5cde987cad690f832304ed73652671f638c95ad5126fea02c4c2c47212e370fc"
"true","2018-11-12T13:25:39","Received with","Mining","R9vTgLGABP8C1M4ayKt7qAibDGy4eNKBWQ","5.83646157","RVN","4f115a8bce9e72024e27479334648aa004dd8cabeab083306c7ca357f5c530c4"
"true","2018-11-11T04:17:17","Received with","Mining","R9vTgLGABP8C1M4ayKt7qAibDGy4eNKBWQ","5.42095383","RVN","be18ae1805a61956cd914b9bf49fb2dd698a8b2aa6af891ef36fb86dea87ef31"
"true","2018-11-10T16:17:00","Received with","Mining","R9vTgLGABP8C1M4ayKt7qAibDGy4eNKBWQ","6.65934658","RVN","50a8aa4e1ba2c2fce10c788d68b590601c50dfb577e672e8814d4dbea2526a50"
"true","2018-11-08T03:57:11","Received with","Mining","R9vTgLGABP8C1M4ayKt7qAibDGy4eNKBWQ","5.52102594","RVN","bae48f5e95db831914e76bd742782d7d41a9feb742f096633ff404cc42c068d4"
"true","2018-11-05T03:36:27","Received with","Mining","R9vTgLGABP8C1M4ayKt7qAibDGy4eNKBWQ","6.35791098","RVN","fe59c2545b415aade67dbda96d520485433ceeae4ace6d6e3ecf97ccaff054f9"
"true","2018-11-04T09:34:20","Received with","Mining","R9vTgLGABP8C1M4ayKt7qAibDGy4eNKBWQ","5.20768445","RVN","808f2fd52f92f1d6ec1615e00a574b3ee225b5c5f0eadd1a5e1b7ccd89d0d636"
"true","2018-11-03T16:25:04","Received with","Mining","R9vTgLGABP8C1M4ayKt7qAibDGy4eNKBWQ","7.15614195","RVN","2efe0f732cd53067dc074493b26625f94799a2cd01e8f92c2f28733638dd9f40"
"true","2018-11-01T01:11:13","Received with","Mining","R9vTgLGABP8C1M4ayKt7qAibDGy4eNKBWQ","7.86662356","RVN","01dcd95c08f1b79e70a33e772e78b82f55ed79df8aeec25cc14519a0842d309e"
"true","2018-10-29T06:52:55","Received with","Mining","R9vTgLGABP8C1M4ayKt7qAibDGy4eNKBWQ","7.65833140","RVN","37a379fbb733195a4ee13596b8422444a473b00e0e2b692101509a02e2571955"
"true","2018-10-28T09:48:34","Received with","Mining","R9vTgLGABP8C1M4ayKt7qAibDGy4eNKBWQ","6.37473832","RVN","8127918049f7f1f3c178aa4ba1485c840c2a669d1dbc2c3592eeb881504b42a2"
"true","2018-10-27T09:40:14","Received with","Mining","R9vTgLGABP8C1M4ayKt7qAibDGy4eNKBWQ","5.33965627","RVN","fdf8cb513837e36f950daa281eb8a99f9dd8bc1a0cbe583904e834ccd02dedfc"
"true","2018-10-25T20:27:41","Received with","Mining","R9vTgLGABP8C1M4ayKt7qAibDGy4eNKBWQ","5.69044037","RVN","67224d234aafdc1b0d39b592a2530fbcc050fa0b972497484e403e92491a5566"
"true","2018-10-23T18:19:28","Received with","Mining","R9vTgLGABP8C1M4ayKt7qAibDGy4eNKBWQ","8.51679154","RVN","bfc0d5d9f7f1d4ca3ef6434e1a3ca936a228aa92fedea683256192062cf4f2d3"
"true","2018-10-21T02:55:41","Received with","Mining","R9vTgLGABP8C1M4ayKt7qAibDGy4eNKBWQ","7.11521242","RVN","8f12a669deeec1c58e34b44cf377a9139a9d7eca3841705e13ea526d381ede6e"
"true","2018-10-20T17:52:25","Received with","Mining","R9vTgLGABP8C1M4ayKt7qAibDGy4eNKBWQ","7.26252125","RVN","26110372a811215978182c6457675f7a3b2f44506924e6a06504485007c03fe6"
"true","2018-10-19T23:50:37","Received with","Mining","R9vTgLGABP8C1M4ayKt7qAibDGy4eNKBWQ","6.27730565","RVN","10e6b5272d305599f489e3e03f6dd5e9aea29906052e4190336972c386a3f331"
"true","2018-10-18T02:40:16","Received with","Mining","R9vTgLGABP8C1M4ayKt7qAibDGy4eNKBWQ","6.70298724","RVN","928864fc42c090e910060961d0230064f08198efc59edbdf0a3d877770df3ba5"
"true","2018-10-16T23:25:01","Received with","Mining","R9vTgLGABP8C1M4ayKt7qAibDGy4eNKBWQ","6.63130217","RVN","a063f57b8a04f8c54e626a7648eb938da92ffd4b69cfe94078d99b97018a335e"
"true","2018-10-15T23:20:42","Received with","Mining","R9vTgLGABP8C1M4ayKt7qAibDGy4eNKBWQ","6.96448381","RVN","f71f3a1c4c0341eb331a02938d65b9f7dcd46b2827e47df44b3bb1fabf27b0a9"
"true","2018-10-14T20:11:52","Received with","Mining","R9vTgLGABP8C1M4ayKt7qAibDGy4eNKBWQ","8.03706162","RVN","1eaa5bec1f4054c526c852a48b80dcb16eab75a3118413825a02c27b8fb2ec47"
"true","2018-10-14T02:08:26","Received with","Mining","R9vTgLGABP8C1M4ayKt7qAibDGy4eNKBWQ","8.40478754","RVN","e7885df0d4bcc400ec0e9fb47a3533f8aa97b9464c3214ea38e25e013e67f8f4"
"true","2018-10-13T20:05:58","Received with","Mining","R9vTgLGABP8C1M4ayKt7qAibDGy4eNKBWQ","10.29956910","RVN","820fa431261cdbcad253f85495b570bd5a72d0eb0350b24b472bba156beabdd4"
"true","2018-10-13T14:06:16","Received with","Mining","R9vTgLGABP8C1M4ayKt7qAibDGy4eNKBWQ","6.93716252","RVN","18dc566b1ddeb5e48d7dcbb3700e3638aef1d3c0504f92acdbd7c646e12d5c61"
"true","2018-10-12T23:00:56","Received with","Mining","R9vTgLGABP8C1M4ayKt7qAibDGy4eNKBWQ","6.72913866","RVN","fc7b107e01ab4b7705bf51176938057e1e188ebb1306d39f484ff1ac9c6bb54f"
"true","2018-10-11T22:53:58","Received with","Mining","R9vTgLGABP8C1M4ayKt7qAibDGy4eNKBWQ","7.57462276","RVN","7b2e46f6a2b3e2adb717ca5414ba99eb54a8be400b3d1b761ac4b2c8913c5c9b"
"true","2018-10-10T22:49:57","Received with","Mining","R9vTgLGABP8C1M4ayKt7qAibDGy4eNKBWQ","7.57202945","RVN","bc2fb0b48e1fd9e0903a7de55aea61b913c15c2c4fe48492ca5add0cfc4b2da8"
"true","2018-10-09T01:39:14","Received with","Mining","R9vTgLGABP8C1M4ayKt7qAibDGy4eNKBWQ","5.55279422","RVN","d01c2a3ffd9d7f0c9ab3ed9f8e73bc60a6ab60d0b36288a6187b67a29796486e"
"true","2018-10-08T01:32:00","Received with","Mining","R9vTgLGABP8C1M4ayKt7qAibDGy4eNKBWQ","7.51103686","RVN","0889a1d839930e6a2d6acd2b6466129ae615d754a0dc6f55eed75f254e964c61"
"true","2018-10-07T19:29:24","Received with","Mining","R9vTgLGABP8C1M4ayKt7qAibDGy4eNKBWQ","8.33888805","RVN","c588eee1b33649cfc5b1d80a88a55889372d749ab10f9fdb81c97e9bf283c6ac"
"true","2018-10-07T13:28:52","Received with","Mining","R9vTgLGABP8C1M4ayKt7qAibDGy4eNKBWQ","1.24371150","RVN","192b022f19d15e50128cb842df4228a7928888563760b3d3e2a444b8f2ac1cda"
"true","2018-10-07T10:28:33","Received with","Mining","R9vTgLGABP8C1M4ayKt7qAibDGy4eNKBWQ","4.83257411","RVN","294aadccd601dda03932b2f197bc1773d14cecae08e56c9546faa754568dd4bb"
"true","2018-10-06T22:26:20","Received with","Mining","R9vTgLGABP8C1M4ayKt7qAibDGy4eNKBWQ","5.52963890","RVN","ea9944e678866bb7ebb88ed3acdfad32f3ba525ccf68c1d1e533b8a05fffd014"
"true","2018-10-06T19:23:39","Received with","Mining","R9vTgLGABP8C1M4ayKt7qAibDGy4eNKBWQ","6.39374132","RVN","9594b73087114e5fc2b3c4796759c994d816bb31e53f50c30d0d29c9c91714b1"
"true","2018-10-06T16:23:46","Received with","Mining","R9vTgLGABP8C1M4ayKt7qAibDGy4eNKBWQ","6.18030990","RVN","04193538856323909a4b312f2ef0a6b154f287a659ac93c76282f105abe37fe5"
"true","2018-10-06T04:20:33","Received with","Mining","R9vTgLGABP8C1M4ayKt7qAibDGy4eNKBWQ","6.34340478","RVN","a57d411e1b3cfc4821970c337ffc1c90489e84070426b8ef52e24ca21deee31a"
"true","2018-10-05T01:09:58","Received with","Mining","R9vTgLGABP8C1M4ayKt7qAibDGy4eNKBWQ","5.87677076","RVN","b36753ee412cb0323aa8f4f8fde2f5d48363db049ed09bee6f45d0c0c500d494"
"true","2018-10-04T01:01:29","Received with","Mining","R9vTgLGABP8C1M4ayKt7qAibDGy4eNKBWQ","9.39747628","RVN","70c26cb5f8bda1f9a471af03cce2280e79604e3c4bdffd85485968a0ef9ae2b2"
"true","2018-10-03T00:58:12","Received with","Mining","R9vTgLGABP8C1M4ayKt7qAibDGy4eNKBWQ","8.03337695","RVN","d91645aa4447f7eaa7ff58b5b97e29da9970b74e6fad8aad89797fdf2183e827"
"true","2018-10-02T00:49:03","Received with","Mining","R9vTgLGABP8C1M4ayKt7qAibDGy4eNKBWQ","8.13316381","RVN","d1266a2cf48332c6a061534a304ab6410464335f41a7b1b1252c2e7bcb5fabf0"
"true","2018-10-01T00:44:31","Received with","Mining","R9vTgLGABP8C1M4ayKt7qAibDGy4eNKBWQ","10.31065021","RVN","159a681da9911cde43a1d7eb45f2e34953faf976d99dd203cfb86eee9d464cd3"
"true","2018-09-30T18:39:46","Received with","Mining","R9vTgLGABP8C1M4ayKt7qAibDGy4eNKBWQ","10.24079991","RVN","64eb05a2ea2da0ab606929939a6fc2c9cb0e975cc4e270f1fb121e5c9a514637"
"true","2018-09-30T12:43:52","Received with","Mining","R9vTgLGABP8C1M4ayKt7qAibDGy4eNKBWQ","0.97401459","RVN","aae3157780401e0a10aa3298cbe52d62c9369b6f71e6adbb551593b8afa20e33"
"true","2018-09-30T00:41:11","Received with","Mining","R9vTgLGABP8C1M4ayKt7qAibDGy4eNKBWQ","7.06549062","RVN","d1aaa742ce30910113059d79e83be014e8611996962ecadc090c6f3cf91fd526"
"true","2018-09-29T21:35:46","Received with","Mining","R9vTgLGABP8C1M4ayKt7qAibDGy4eNKBWQ","6.22272654","RVN","6216678f094452531e4f6675bc4da0b5cb38f40fe716ba970c8216457be85152"
"true","2018-09-29T18:32:57","Received with","Mining","R9vTgLGABP8C1M4ayKt7qAibDGy4eNKBWQ","6.18341832","RVN","762938ee23629887a033296cac44c23c90b0eccee8a846079aa946c81fe713bc"
"true","2018-09-29T15:31:32","Received with","Mining","R9vTgLGABP8C1M4ayKt7qAibDGy4eNKBWQ","8.49369441","RVN","221e3cb2cbd01b0ecfaeddbb50331d470b6e502b6364fdc25d3de525b58c5540"
"true","2018-09-29T00:26:39","Received with","Mining","R9vTgLGABP8C1M4ayKt7qAibDGy4eNKBWQ","7.59041634","RVN","0a47214e2700c9dfd7b0f07f1f2f1f0fb332ec8a6d2b59165be84cbf10478bab"
"true","2018-09-28T03:16:40","Received with","Mining","R9vTgLGABP8C1M4ayKt7qAibDGy4eNKBWQ","5.47118874","RVN","126b756d3a2a03b2d0adb988fa2831b16d5b61ee2c90c0743b2267807351d13a"
"true","2018-09-27T21:15:15","Received with","Mining","R9vTgLGABP8C1M4ayKt7qAibDGy4eNKBWQ","6.49352132","RVN","cffc00f2bddecc5c82bd902a8d13ec463e6df009b68b498a9798859611b4fb44"
"true","2018-09-27T18:19:22","Received with","Mining","R9vTgLGABP8C1M4ayKt7qAibDGy4eNKBWQ","11.18638204","RVN","4f88208f1957b0d6ec1d8e755490289ab40a869f83e4d30db93cff84e0424c59"
"true","2018-09-27T00:16:47","Received with","Mining","R9vTgLGABP8C1M4ayKt7qAibDGy4eNKBWQ","7.38027513","RVN","24ce710794990cdbec90e9699e58b1473cabc00140fd4e52214e53971c6b2953"
"true","2018-09-26T00:06:19","Received with","Mining","R9vTgLGABP8C1M4ayKt7qAibDGy4eNKBWQ","8.49871801","RVN","863e5842bd5c77ed0603a1ee7a567e98aa6dfacacc6d15cdf494cdc3c99d610e"
"true","2018-09-24T23:56:47","Received with","Mining","R9vTgLGABP8C1M4ayKt7qAibDGy4eNKBWQ","9.20944444","RVN","c3cbec1e424c4a4383a54ba5b11b87f71ed5150cf399bc3059f509e3b8fb7f8a"
"true","2018-09-23T23:50:04","Received with","Mining","R9vTgLGABP8C1M4ayKt7qAibDGy4eNKBWQ","10.86834518","RVN","31d104b2b7272fba4d81f7d4f9d31987404ec13ab4414a878ecebbd8582b8a5a"
"true","2018-09-23T17:47:58","Received with","Mining","R9vTgLGABP8C1M4ayKt7qAibDGy4eNKBWQ","5.38906667","RVN","6a9aa69179d34cd920c62761a81e2aa4e0352e7c94962ec46eb6fd271abe9ba4"
"true","2018-09-23T14:48:19","Received with","Mining","R9vTgLGABP8C1M4ayKt7qAibDGy4eNKBWQ","3.39949973","RVN","6d4011a58af9ec955cf9d8ba7225d6d591f8f07a83d5f22d963326782f809c21"
"true","2018-09-23T02:45:15","Received with","Mining","R9vTgLGABP8C1M4ayKt7qAibDGy4eNKBWQ","6.74604830","RVN","2445d9ee22f6ce117a47b2353968738258baec33b599111cc1763a634559e7c2"
"true","2018-09-22T20:43:45","Received with","Mining","R9vTgLGABP8C1M4ayKt7qAibDGy4eNKBWQ","7.52922482","RVN","14a21cfca2244ef2cb1f3f639dc9d20a4ad941f622070cefeaa2085f3e75c5ba"
"true","2018-09-22T17:48:57","Received with","Mining","R9vTgLGABP8C1M4ayKt7qAibDGy4eNKBWQ","5.36829715","RVN","30ef70320ec2fd2f76296c92fcd6814aa0ddbc0cab9dc192e8df24eacbbe0747"
"true","2018-09-22T14:43:13","Received with","Mining","R9vTgLGABP8C1M4ayKt7qAibDGy4eNKBWQ","10.21180086","RVN","905da253e3eeba58a67410b410babe5b54bf1a4f5b147098bc4dd5011e3cb3a8"
"true","2018-09-21T23:39:58","Received with","Mining","R9vTgLGABP8C1M4ayKt7qAibDGy4eNKBWQ","6.76622531","RVN","cf5db53ec59d49001daba687f9d2e345b70c1cdc456c41292bffb65ac79e8775"
"true","2018-09-20T23:35:37","Received with","Mining","R9vTgLGABP8C1M4ayKt7qAibDGy4eNKBWQ","6.70592171","RVN","777cae47d2b46c7c6a81818ae85f076767e18fa7c53dfb50b26e4e17298d1b4d"
"true","2018-09-19T23:28:48","Received with","Mining","R9vTgLGABP8C1M4ayKt7qAibDGy4eNKBWQ","8.18582348","RVN","150b1fce67a42bfcf544b9cbfec4c1764a95133bb204c58e0c201a27d620b841"
"true","2018-09-18T23:21:35","Received with","Mining","R9vTgLGABP8C1M4ayKt7qAibDGy4eNKBWQ","7.76935648","RVN","59ceb5f732a34d066e0e50d59b3145d9d554d34b336ba423d9528770d1169889"
"true","2018-09-17T23:18:32","Received with","Mining","R9vTgLGABP8C1M4ayKt7qAibDGy4eNKBWQ","8.19537607","RVN","8cbd19dc7ad617c71995539ba3f44f6a95890fd4a76680fb8f4091232f823860"
"true","2018-09-16T23:10:34","Received with","Mining","R9vTgLGABP8C1M4ayKt7qAibDGy4eNKBWQ","5.79638121","RVN","3f72bdf07207146e4aa279e862c4e5b61ae07ad61ef428713cbceeed538387da"
"true","2018-09-16T20:08:13","Received with","Mining","R9vTgLGABP8C1M4ayKt7qAibDGy4eNKBWQ","6.77125522","RVN","85ad842b2814b474ada2d30a48585f20b2cead397cd468f6cb061e31a154fdfe"
"true","2018-09-16T17:10:32","Received with","Mining","R9vTgLGABP8C1M4ayKt7qAibDGy4eNKBWQ","6.06240769","RVN","54c1d6ea8032df4a73b626026cc5919e57b1e251303e848b20d284eba3247cd9"
"true","2018-09-16T14:11:21","Received with","Mining","R9vTgLGABP8C1M4ayKt7qAibDGy4eNKBWQ","5.12908151","RVN","10e738593cb4e5feaa017d09e517254f3102437c292621a325a6a709522bc50a"
"true","2018-09-16T02:08:30","Received with","Mining","R9vTgLGABP8C1M4ayKt7qAibDGy4eNKBWQ","9.44242400","RVN","a099aa2fd1a950e0aa40ef9b62da3470fd93aa286ed4253e8c767f575e14a6fa"
"true","2018-09-15T20:03:20","Received with","Mining","R9vTgLGABP8C1M4ayKt7qAibDGy4eNKBWQ","7.04915249","RVN","e32aaecfa0e344f730169047e965df5c2cca0f7aaea64206dc37a70ea42d2e81"
"true","2018-09-15T17:06:36","Received with","Mining","R9vTgLGABP8C1M4ayKt7qAibDGy4eNKBWQ","6.10953849","RVN","bdc5d78d345dc9fe644b74b03070eeed05c54c4f38400ed4f0aa17957ddf8e3a"
"true","2018-09-15T14:01:04","Received with","Mining","R9vTgLGABP8C1M4ayKt7qAibDGy4eNKBWQ","5.46769692","RVN","c88c6d172d00391023caf08bc7ced4934a02f115e7b0583fa4914c9824114270"
"true","2018-09-15T01:56:33","Received with","Mining","R9vTgLGABP8C1M4ayKt7qAibDGy4eNKBWQ","5.77989596","RVN","db78cce4acca93a4baa2fbe7499b5bff87918c55e325f6b6d539e7126b331e3b"
"true","2018-09-14T22:55:24","Received with","Mining","R9vTgLGABP8C1M4ayKt7qAibDGy4eNKBWQ","8.27363118","RVN","813f0c7cb969df1a1ac2179127bf928c10b609e3063bec1e65d8a3ca91869115"
"true","2018-09-13T22:50:42","Received with","Mining","R9vTgLGABP8C1M4ayKt7qAibDGy4eNKBWQ","7.87006122","RVN","aea99cf1186c0b77501b6bc3889e66fcd7e306e3c960d9acdd84b65fbdafa30f"
"true","2018-09-12T01:35:56","Received with","Mining","R9vTgLGABP8C1M4ayKt7qAibDGy4eNKBWQ","5.57388990","RVN","af4899841332be8780c48ea768ed6208be49c70ef281c181618b454df84196fc"
"true","2018-09-11T01:25:35","Received with","Mining","R9vTgLGABP8C1M4ayKt7qAibDGy4eNKBWQ","5.23878968","RVN","177b534519ba8298cab3a498f82042c2538a7ea1eb4e042bd4a130ae1530df31"
"true","2018-09-10T22:23:34","Received with","Mining","R9vTgLGABP8C1M4ayKt7qAibDGy4eNKBWQ","8.39227525","RVN","03c51ac88fe204f99d833730024b19b3e989b18af67abca2a092ef2d92a249f9"
"true","2018-09-09T22:15:34","Received with","Mining","R9vTgLGABP8C1M4ayKt7qAibDGy4eNKBWQ","6.49077532","RVN","db1eaea39c65575f4558cd0a0f35ca666ee8ae99a5451961e48eb3b8bb69d176"
"true","2018-09-09T19:15:59","Received with","Mining","R9vTgLGABP8C1M4ayKt7qAibDGy4eNKBWQ","8.24957134","RVN","a5171f1b66c06aa5b2e433eacb1578328ad3647f925ad97a0611d05281ced945"
"true","2018-09-09T04:09:12","Received with","Mining","R9vTgLGABP8C1M4ayKt7qAibDGy4eNKBWQ","5.24696034","RVN","1aed1bb4ba49d05961bd63bd22030615d90f9da78f73004e122ff99861779c4f"
"true","2018-09-08T22:10:16","Received with","Mining","R9vTgLGABP8C1M4ayKt7qAibDGy4eNKBWQ","7.10993874","RVN","c02418a17c57c9f541fb90ad5f77c243e7e486ee6c1aceaf2e674dc7aa41a5d9"
"true","2018-09-08T19:05:47","Received with","Mining","R9vTgLGABP8C1M4ayKt7qAibDGy4eNKBWQ","6.99844779","RVN","1b3601738962043beb273cf9aa8a4e211a757d2bc2e7e90cdf6e7df16aee68f0"
"true","2018-09-08T16:10:21","Received with","Mining","R9vTgLGABP8C1M4ayKt7qAibDGy4eNKBWQ","9.45289014","RVN","a2e6c1138b3b3baa9a191741899accbda19488f27c24c562f184981a22c0ce5a"
"true","2018-09-08T01:10:19","Received with","Mining","R9vTgLGABP8C1M4ayKt7qAibDGy4eNKBWQ","8.68694063","RVN","2b627abf75e6e6355f8dde3c281b8f7a467eba9868012bc67cbdddcf045daa2f"
"true","2018-09-07T00:55:07","Received with","Mining","R9vTgLGABP8C1M4ayKt7qAibDGy4eNKBWQ","9.47282465","RVN","64598cd9d26d3f45c3a73af4016a8c4f223186508b13d1ae5a2a9980308dcf5b"
"true","2018-09-06T00:47:53","Received with","Mining","R9vTgLGABP8C1M4ayKt7qAibDGy4eNKBWQ","9.05615436","RVN","d91ff7808fbbf9608d2b068bfe280d68bd34c0ac93223e5c2131a51970a8ef8b"
"true","2018-09-05T00:47:20","Received with","Mining","R9vTgLGABP8C1M4ayKt7qAibDGy4eNKBWQ","10.42799070","RVN","59e3f290150ba773912ca8b35f4fd0b1398147da0e0acc36b3ee6a58932ef96c"
"true","2018-09-04T00:37:04","Received with","Mining","R9vTgLGABP8C1M4ayKt7qAibDGy4eNKBWQ","5.52911029","RVN","42d48bb23aa8fed195c0dcae74a8ed12d8772c8681788dc0199bcfdb41f551f4"
"true","2018-09-03T21:43:24","Received with","Mining","R9vTgLGABP8C1M4ayKt7qAibDGy4eNKBWQ","5.43035518","RVN","cbc90ae7fb813373f49d5865a521ce7136734f5f5a9e98e40ea517fa4489f861"
"true","2018-09-03T18:39:01","Received with","Mining","R9vTgLGABP8C1M4ayKt7qAibDGy4eNKBWQ","7.20688619","RVN","66ae0222446cd5280bdff653a979d8f6216f75e1bbc146f44504b70ad921f882"
"true","2018-09-03T03:31:37","Received with","Mining","R9vTgLGABP8C1M4ayKt7qAibDGy4eNKBWQ","6.45913361","RVN","d864beaa1622be967b063c27d36fc7deede7308c49a9405b8e615caef9a67152"
"true","2018-09-02T21:30:11","Received with","Mining","R9vTgLGABP8C1M4ayKt7qAibDGy4eNKBWQ","7.32736839","RVN","dfa96d37077094872e56589d36e17f8bde54d588720b3911bc5009fd27b58e6b"
"true","2018-09-02T12:28:43","Received with","Mining","R9vTgLGABP8C1M4ayKt7qAibDGy4eNKBWQ","3.09553222","RVN","1c7f1d0489f32500f72a186a473a7f57579fc623927bdf6c0175a88aaee7f98f"
"true","2018-09-02T00:21:52","Received with","Mining","R9vTgLGABP8C1M4ayKt7qAibDGy4eNKBWQ","5.63901401","RVN","0f26bfc9fdcf635e00490dec5a1fd2d3f97013e5def789b434edfea953ef0257"
"true","2018-09-01T21:23:20","Received with","Mining","R9vTgLGABP8C1M4ayKt7qAibDGy4eNKBWQ","6.18933234","RVN","17e78036f0f6132c534ca012cb15af3530cdf1fc9161bd83f66ed7d0e02b643d"
"true","2018-09-01T18:25:14","Received with","Mining","R9vTgLGABP8C1M4ayKt7qAibDGy4eNKBWQ","5.48318924","RVN","739934d71895fabcbb5735aa92c987ba54320aa5132cb7f0fccb43c5a5a56d56"
"true","2018-08-31T21:13:49","Received with","Mining","R9vTgLGABP8C1M4ayKt7qAibDGy4eNKBWQ","6.33091022","RVN","da432e00b43da97b5be7092e3f3e79d917ff0092527d8093d96c61570523ee68"
"true","2018-08-31T00:06:22","Received with","Mining","R9vTgLGABP8C1M4ayKt7qAibDGy4eNKBWQ","9.29517576","RVN","acd3b6b97150ac365759f42e0430f2044457e95984bcac7499d0dde65c971cab"
"true","2018-08-30T00:01:06","Received with","Mining","R9vTgLGABP8C1M4ayKt7qAibDGy4eNKBWQ","7.23580820","RVN","fa38193eb3c04a91ef2b9448691ce12dff2d5e27dc86079e7da3199fa11aa95f"
"true","2018-08-29T05:54:37","Received with","Mining","R9vTgLGABP8C1M4ayKt7qAibDGy4eNKBWQ","6.53161837","RVN","8018040e295799a83b4f50be4ecc44158dddedf25e8e6b69cd0964833af278c4"
"true","2018-08-28T05:49:44","Received with","Mining","R9vTgLGABP8C1M4ayKt7qAibDGy4eNKBWQ","8.18997780","RVN","108745bcea93eb568a21bed8b152a7bf0d77a688005267bad23f693e9b6544d2"
"true","2018-08-27T15:09:42","Received with","Mining","R9vTgLGABP8C1M4ayKt7qAibDGy4eNKBWQ","5.28163836","RVN","b2ad9b714a25c0cca0d06f7f4ceebe304b3e2ff2e9cfbacbfa2175e937523608"
"true","2018-08-27T08:47:48","Received with","Mining","R9vTgLGABP8C1M4ayKt7qAibDGy4eNKBWQ","6.56253131","RVN","1ff87738108ca2f3d1382929d9dfe06e00b7ba02685d2db38cb317b51c88e521"
"true","2018-08-27T02:43:48","Received with","Mining","R9vTgLGABP8C1M4ayKt7qAibDGy4eNKBWQ","5.20545739","RVN","84c829fb2afc834b16a51e724e777cc43d09795867c6d71180d3d43da127a82d"
"true","2018-08-26T14:50:54","Received with","Mining","R9vTgLGABP8C1M4ayKt7qAibDGy4eNKBWQ","0.98113350","RVN","f0ba49f5e31ace6d436c3f2180a3863b909ddd987d93768b84e3313f4fa4a210"
"true","2018-08-26T11:42:54","Received with","Mining","R9vTgLGABP8C1M4ayKt7qAibDGy4eNKBWQ","2.51101731","RVN","2b76b0052fcd9d78843fa1f2bc910d62a23d0fb0d2d681f4671544653a0a2a06"
"true","2018-08-26T05:42:44","Received with","Mining","R9vTgLGABP8C1M4ayKt7qAibDGy4eNKBWQ","7.54949585","RVN","28f5c3e689a398cf5825699099e4712c4130a7a5a24fb3082827b3706fa35a61"
"true","2018-08-25T23:39:33","Received with","Mining","R9vTgLGABP8C1M4ayKt7qAibDGy4eNKBWQ","6.52292768","RVN","97cc0ecb977479e34e948e9b43187712856509d30a6eb167895bb816cb9b4ca1"
"true","2018-08-25T08:33:57","Received with","Mining","R9vTgLGABP8C1M4ayKt7qAibDGy4eNKBWQ","6.36249227","RVN","f46785c94202cfa548cff65451984e442316209eb8229730786274db30d2819a"
"true","2018-08-24T05:17:53","Received with","Mining","R9vTgLGABP8C1M4ayKt7qAibDGy4eNKBWQ","5.74850618","RVN","175774bd128b82ca1883359e95e755b90a38cbbc25459fb2f9429d5073a69634"
"true","2018-08-23T04:58:22","Received with","Mining","R9vTgLGABP8C1M4ayKt7qAibDGy4eNKBWQ","7.93410009","RVN","16e919ad0f159c12e4da19ade03b4c8e0666511bf53633ffff879e4bdeee4071"
"true","2018-08-21T10:56:13","Received with","Mining","R9vTgLGABP8C1M4ayKt7qAibDGy4eNKBWQ","6.71002306","RVN","e4e010ee0271fd18d9d48f0928724446f89bb3d6df89116b2345896f4e1f4f19"
"true","2018-08-20T10:42:55","Received with","Mining","R9vTgLGABP8C1M4ayKt7qAibDGy4eNKBWQ","5.88796306","RVN","88491392f01074a4c05c4f52a62a4259f286b488b12c53e86aa1ba69b60b338d"
"true","2018-08-20T04:40:17","Received with","Mining","R9vTgLGABP8C1M4ayKt7qAibDGy4eNKBWQ","10.24756661","RVN","35d60ec64266f3f300e25c5344aebd1e0afc68da4999a772fd206da8bae2d8b3"
"true","2018-08-19T11:13:38","Received with","Mining","R9vTgLGABP8C1M4ayKt7qAibDGy4eNKBWQ","4.04230396","RVN","0415e20e78403f7e4baffd464f44c90f457f56d9704b9d1a28da7c949da2f08c"
"true","2018-08-19T04:39:49","Received with","Mining","R9vTgLGABP8C1M4ayKt7qAibDGy4eNKBWQ","9.24077682","RVN","c61caccced25c2bbd187f6672ac88e9ef303b924f14adf4b7ec604b397d9bdee"
"true","2018-08-18T22:31:26","Received with","Mining","R9vTgLGABP8C1M4ayKt7qAibDGy4eNKBWQ","7.43006617","RVN","4d694b2d8e0d6e1894c3a3746693b6abfa8edaaf0e6cb50e8d2fa869bfe3439f"
"true","2018-08-17T07:19:47","Received with","Mining","R9vTgLGABP8C1M4ayKt7qAibDGy4eNKBWQ","6.02835387","RVN","2371458d0176946e91c74e12c329268216b223dc1b9989efaa251e791e8c4884"
"true","2018-08-16T04:06:21","Received with","Mining","R9vTgLGABP8C1M4ayKt7qAibDGy4eNKBWQ","6.77088671","RVN","d373583064d84657ea1fcee92f247af40a26a9d4d1b38bb7f52645c9556b66f8"
"true","2018-08-15T07:27:42","Received with","Mining","R9vTgLGABP8C1M4ayKt7qAibDGy4eNKBWQ","10.10072122","RVN","d442d4881aaee325915d3d0b3d5a7c337517c2c45e5c258165c7e489d055fbe1"
"true","2018-08-13T09:50:41","Received with","Mining","R9vTgLGABP8C1M4ayKt7qAibDGy4eNKBWQ","5.74869644","RVN","985c25f34abeb9e957b2a160c845cd5e6a98d9f880e3339c433e0bf28e861b53"
"true","2018-08-13T03:45:47","Received with","Mining","R9vTgLGABP8C1M4ayKt7qAibDGy4eNKBWQ","7.17924318","RVN","2476e8bdee7e813411f0c92f3e6fdd77f514ff7b1d2149f6f5c363ff9a37775a"
"true","2018-08-12T21:52:08","Received with","Mining","R9vTgLGABP8C1M4ayKt7qAibDGy4eNKBWQ","8.03073106","RVN","3fbef059e1ad10f6e799bb5b97e06a72f1344a49166e11861138a59aa3877d4d"
"true","2018-08-12T12:44:34","Received with","Mining","R9vTgLGABP8C1M4ayKt7qAibDGy4eNKBWQ","5.42734692","RVN","d1604423a49bbb4c8c2ca43316c1af2d2ed97ef0a70c7456edc79709c85434c0"
"true","2018-08-11T18:30:15","Received with","Mining","R9vTgLGABP8C1M4ayKt7qAibDGy4eNKBWQ","5.27902637","RVN","638552a37100cd764e19911976afd003d6e0fc00209f0c2275bf527b7413ff71"
"true","2018-08-10T16:13:05","Received with","Mining","R9vTgLGABP8C1M4ayKt7qAibDGy4eNKBWQ","5.85243552","RVN","04171dcd90dce34823eb6bd5557ea737d146ced66e61544d19d718c96e844529"
"true","2018-08-09T03:52:17","Received with","Mining","R9vTgLGABP8C1M4ayKt7qAibDGy4eNKBWQ","7.98920047","RVN","6e21326d2d7276182d48b7295d6e6659d35d4bfd1a951b958367f348260b2730"
"true","2018-08-07T07:03:45","Received with","Mining","R9vTgLGABP8C1M4ayKt7qAibDGy4eNKBWQ","9.70053895","RVN","ea987113272e87ffb670d8b20cfcb9ae73bb4e42530fdc1528cc9cfb6f3c10fb"
"true","2018-08-06T03:33:55","Received with","Mining","R9vTgLGABP8C1M4ayKt7qAibDGy4eNKBWQ","8.77612342","RVN","40db4e6bc3a4ddbeda9a75a3089c9ff7679ffa54cb8b369a85fc4cc1556991fb"
"true","2018-08-05T06:28:16","Received with","Mining","R9vTgLGABP8C1M4ayKt7qAibDGy4eNKBWQ","5.24366445","RVN","fa1c233754f95566271b727357440b326e95631d68546960823763701bd68b59"
"true","2018-08-05T00:24:01","Received with","Mining","R9vTgLGABP8C1M4ayKt7qAibDGy4eNKBWQ","6.20561010","RVN","5dc4e0ac9ad2d9ac5c948458c5240463a74bacf3b1e1a9e9ab4ea5238a8fbf76"
"true","2018-08-04T21:18:44","Received with","Mining","R9vTgLGABP8C1M4ayKt7qAibDGy4eNKBWQ","5.92524375","RVN","e1634c0e161f403fa30e816688b77ce6b24f8c19953ae3e36771d6d6276fb902"
"true","2018-08-04T06:14:56","Received with","Mining","R9vTgLGABP8C1M4ayKt7qAibDGy4eNKBWQ","5.52351411","RVN","70749743b3738123343c7895a54462ba75419ac5d499f943614b8d70e78d5938"
"true","2018-08-02T02:57:24","Received with","Mining","R9vTgLGABP8C1M4ayKt7qAibDGy4eNKBWQ","6.01570246","RVN","5e799e158b02b754f77953510f77f89cda3cc3e7c83804a8ac67b9267c412224"
"true","2018-08-01T05:51:53","Received with","Mining","R9vTgLGABP8C1M4ayKt7qAibDGy4eNKBWQ","6.28723512","RVN","8f6e9b9a4892a217ffa46f3719289b5f664a6b0aae1d8fdb775438081eb9bd89"
"true","2018-07-31T05:47:43","Received with","Mining","R9vTgLGABP8C1M4ayKt7qAibDGy4eNKBWQ","5.04480138","RVN","ce03af8075fff9f28606f30ed2e56f8a96bb05ee0fd3653717577ad01141d082"
"true","2018-07-30T02:40:39","Received with","Mining","R9vTgLGABP8C1M4ayKt7qAibDGy4eNKBWQ","5.46669526","RVN","48ba6ce80945665b2ed3aaaa97c26978940a2025cbe379bc55080e84e3439f42"
"true","2018-07-29T23:40:10","Received with","Mining","R9vTgLGABP8C1M4ayKt7qAibDGy4eNKBWQ","5.57635764","RVN","789371aa3b3fff4455e4a463560c5c4d31466bc2b47cdb7aa77f274ecb1796fa"
"true","2018-07-29T17:34:03","Received with","Mining","R9vTgLGABP8C1M4ayKt7qAibDGy4eNKBWQ","10.30862725","RVN","d6b10706331c5fd8bd286099573dbadd9427614822c883ed3b462b527f1394a8"
"true","2018-07-29T14:31:36","Received with","Mining","R9vTgLGABP8C1M4ayKt7qAibDGy4eNKBWQ","0.95774739","RVN","163af751b07da3ec1f88ef41ee7248727fd07e3db475da4232d9def00090e868"
"true","2018-07-29T11:31:11","Received with","Mining","R9vTgLGABP8C1M4ayKt7qAibDGy4eNKBWQ","4.14994768","RVN","b981d4b5d1f95334363e92565f31b1ab770b3a9838bd562b090694eaf802710e"
"true","2018-07-29T02:31:48","Received with","Mining","R9vTgLGABP8C1M4ayKt7qAibDGy4eNKBWQ","11.15153512","RVN","830cdc9dbc4bb17276efeac44d924b7ecb5c609f6cfec4ceb76ffcaa953343c1"
"true","2018-07-28T20:26:44","Received with","Mining","R9vTgLGABP8C1M4ayKt7qAibDGy4eNKBWQ","7.82920736","RVN","6904e1131c223449ca9c8b1974aa418a31f2b336e236311e20bbef062af6332a"
"true","2018-07-28T05:22:00","Received with","Mining","R9vTgLGABP8C1M4ayKt7qAibDGy4eNKBWQ","7.79228328","RVN","ca4954a201af44569e804e4ebcab702a27e43a77e4317c6328508ced53e481f9"
"true","2018-07-28T02:23:05","Received with","Mining","R9vTgLGABP8C1M4ayKt7qAibDGy4eNKBWQ","5.90555124","RVN","2a2cc513f335431239a9bf2a2431e99d13d086a696363f809284330fab4ce047"
"true","2018-07-27T05:17:37","Received with","Mining","R9vTgLGABP8C1M4ayKt7qAibDGy4eNKBWQ","5.95934013","RVN","1211cfbc747219ab766d91219605eea4e9ea695097c9a297931417eb642a9b67"
"true","2018-07-26T23:10:32","Received with","Mining","R9vTgLGABP8C1M4ayKt7qAibDGy4eNKBWQ","7.20492039","RVN","eb1be5703bcbcce7535558f769574651463bc8c89f4facf2aaf5c89b3194ab72"
"true","2018-07-25T23:03:27","Received with","Mining","R9vTgLGABP8C1M4ayKt7qAibDGy4eNKBWQ","6.98019786","RVN","f0a8152d0836d9d88b4bb89d6676e0191100df204d43639d36a8710515d2e8af"
"true","2018-07-25T02:01:20","Received with","Mining","R9vTgLGABP8C1M4ayKt7qAibDGy4eNKBWQ","6.78076405","RVN","cb9a3fb01134a45269a4a26b1289626a5de4b2ffad52244b82e843e4eb6e6e19"
"true","2018-07-24T01:52:23","Received with","Mining","R9vTgLGABP8C1M4ayKt7qAibDGy4eNKBWQ","6.29037888","RVN","02c8be3fae26f36f869acab0113942a2b97772a37765e4a5e76d66ded8a0f426"
"true","2018-07-23T22:51:33","Received with","Mining","R9vTgLGABP8C1M4ayKt7qAibDGy4eNKBWQ","5.54978866","RVN","cebb7f410f1f0079814a5ea94ee94eb6ecbccedf5ec507ba737c90c9fe42980c"
"true","2018-07-22T22:40:10","Received with","Mining","R9vTgLGABP8C1M4ayKt7qAibDGy4eNKBWQ","6.76140199","RVN","958409fc53aa4e1ae12370063426307989c37245c24118531d0786d0dfec4e23"
"true","2018-07-22T19:44:23","Received with","Mining","R9vTgLGABP8C1M4ayKt7qAibDGy4eNKBWQ","7.09156740","RVN","c8be9818a73d959c5d1cfca3035003160ba80182c98a231ead8a7ef13caa0831"
"true","2018-07-22T16:39:33","Received with","Mining","R9vTgLGABP8C1M4ayKt7qAibDGy4eNKBWQ","9.13855085","RVN","a5d47aaf51a03047dc9d266f5ba74b4a164ac7bc00542f9d3bddde7cd1aa7198"
"true","2018-07-22T13:39:46","Received with","Mining","R9vTgLGABP8C1M4ayKt7qAibDGy4eNKBWQ","2.82693505","RVN","082dc3f63acd1514cd6ca1474b2de98fc6690be2f76260533e38d8d43992ab1b"
"true","2018-07-22T04:39:50","Received with","Mining","R9vTgLGABP8C1M4ayKt7qAibDGy4eNKBWQ","5.68048480","RVN","599fbb1091781e7c3811424946da499262a8f2f505eee4b459fde7cbc56afca7"
"true","2018-07-21T22:42:14","Received with","Mining","R9vTgLGABP8C1M4ayKt7qAibDGy4eNKBWQ","7.87464605","RVN","cff4dff785b876f0ebafb49c28a16c6b651998b0a792bc1f8445338c1ba37fdc"
"true","2018-07-21T16:32:18","Received with","Mining","R9vTgLGABP8C1M4ayKt7qAibDGy4eNKBWQ","12.86791594","RVN","04571651e1b2fc5b3093ca96e3a4a5e1e841f4beb1e6a09799ccb635250858ba"
"true","2018-07-21T01:21:25","Received with","Mining","R9vTgLGABP8C1M4ayKt7qAibDGy4eNKBWQ","12.75262662","RVN","66b22045a808e779556c0b8bafb1bb907ef4effeaece9774f3a894795bb0885c"
"true","2018-07-20T01:15:44","Received with","Mining","R9vTgLGABP8C1M4ayKt7qAibDGy4eNKBWQ","5.93562635","RVN","27be3d2743bde6b3ecaad6f7455c1d4ac69d20babc8dab454703945b9b80752d"
"true","2018-07-19T01:05:22","Received with","Mining","R9vTgLGABP8C1M4ayKt7qAibDGy4eNKBWQ","11.55753883","RVN","b16898bb7ff7759047c70c217b4ad4e3d6088d2c0f8a0409afd4bf4285bac284"
"true","2018-07-18T00:58:59","Received with","Mining","R9vTgLGABP8C1M4ayKt7qAibDGy4eNKBWQ","13.10805178","RVN","cb1c572dcdfd90e7b5e49d21faf589c45d841609c7d8df1bd5e644852f43df5d"
"true","2018-07-17T00:54:42","Received with","Mining","R9vTgLGABP8C1M4ayKt7qAibDGy4eNKBWQ","9.73182202","RVN","824475e57c3a66ef615d45e716415a32ac2c284e3f3bc66a31436037e42ecb1d"
"true","2018-07-16T00:46:27","Received with","Mining","R9vTgLGABP8C1M4ayKt7qAibDGy4eNKBWQ","11.83066656","RVN","bb925befdd886d3e25865cf0e743d805bff582729c3284c1570931553b385d06"
"true","2018-07-15T21:45:40","Received with","Mining","R9vTgLGABP8C1M4ayKt7qAibDGy4eNKBWQ","8.86716261","RVN","08f2591f030347e67d908a57e0aa2a6dce954d916d9493299d4947850cfd2731"
"true","2018-07-15T12:44:29","Received with","Mining","R9vTgLGABP8C1M4ayKt7qAibDGy4eNKBWQ","3.98899931","RVN","abff3e25f85e0e9deedf3f1925b61e0d3bdada863d9f5b542977ca39abc12c45"
"true","2018-07-15T00:43:49","Received with","Mining","R9vTgLGABP8C1M4ayKt7qAibDGy4eNKBWQ","5.56752356","RVN","173975fc3c0be27645fe162fb011f0651c1f7ee4ad13b322adcba6c6b5aecd8a"
"true","2018-07-14T21:44:54","Received with","Mining","R9vTgLGABP8C1M4ayKt7qAibDGy4eNKBWQ","7.86663194","RVN","9ae7d5a954b458c1f5ad4180b448cb2986ff85c7a59a97e7b9e0d5cad754b9fb"
"true","2018-07-14T18:42:45","Received with","Mining","R9vTgLGABP8C1M4ayKt7qAibDGy4eNKBWQ","6.36082645","RVN","ef77b8f13ff977a2bce18298401fb7d778259c7c0836e18aa3523d3151d8ffd1"
"true","2018-07-14T15:39:46","Received with","Mining","R9vTgLGABP8C1M4ayKt7qAibDGy4eNKBWQ","11.22787023","RVN","7a5afb2a76c97c9d1680cc1e8b9bbe20faee4b0ca4819fecfaedfedd2ef81ec7"
"true","2018-07-14T00:34:06","Received with","Mining","R9vTgLGABP8C1M4ayKt7qAibDGy4eNKBWQ","11.35181744","RVN","120fcf4d41604668b91421b5f801ca029def7ba184debab80f5015d8829f3a19"
"true","2018-07-13T00:33:03","Received with","Mining","R9vTgLGABP8C1M4ayKt7qAibDGy4eNKBWQ","7.50524622","RVN","520319450304aaaf0f9edb2ba8ea9a887d5d3cdbd2b693dbb6eddd8a27155bab"
"true","2018-07-12T03:24:35","Received with","Mining","R9vTgLGABP8C1M4ayKt7qAibDGy4eNKBWQ","13.79316126","RVN","2b7b8919e8f27f6b76a4e021e4e8772a35f135ed4fe14f23ff6027c73f04eff2"
"true","2018-07-10T23:57:28","Received with","Mining","R9vTgLGABP8C1M4ayKt7qAibDGy4eNKBWQ","8.47570350","RVN","f4b9f2f1d6238b65de2fb7bc3ba9c1b8290454402d1c1a0a808cb31e15b266b1"
"true","2018-07-09T22:53:38","Received with","Mining","R9vTgLGABP8C1M4ayKt7qAibDGy4eNKBWQ","10.38145393","RVN","1286f09395b364282fe1ca7f8ac6b2cc7072d033c55fe026317c552803839e1a"
"true","2018-07-09T00:05:29","Received with","Mining","R9vTgLGABP8C1M4ayKt7qAibDGy4eNKBWQ","13.18019308","RVN","70d6293b4a5a6a990aeba6dbf02d7f0554ed4ed9b82361c5dfdfa3c6b3de6cdd"
"true","2018-07-08T18:10:08","Received with","Mining","R9vTgLGABP8C1M4ayKt7qAibDGy4eNKBWQ","7.45016732","RVN","c9bf77fdfda4e02472e4bf426e5bd2b964718926135b8c023daaba50963a9773"
"true","2018-07-08T15:10:08","Received with","Mining","R9vTgLGABP8C1M4ayKt7qAibDGy4eNKBWQ","8.22174044","RVN","be7ee15bb85b66eebcb9103adc8ce0934a95bd98ee90918330d40025d28167a4"
"true","2018-07-08T12:10:07","Received with","Mining","R9vTgLGABP8C1M4ayKt7qAibDGy4eNKBWQ","7.42610906","RVN","64a0918580786b7928a233b6185c11f11bbda6ac3472172d00e6c3dafa869927"
"true","2018-07-07T23:49:12","Received with","Mining","R9vTgLGABP8C1M4ayKt7qAibDGy4eNKBWQ","5.68456118","RVN","eb38a6bc7b5b42c369b46c0019927e3402cf10b21d1ff594a8ca8c68282bbf33"
"true","2018-07-07T20:48:30","Received with","Mining","R9vTgLGABP8C1M4ayKt7qAibDGy4eNKBWQ","7.49293770","RVN","8555345e57617ad3887abc92fc52084279f1ccea92e9c15b9561acdcd33810b8"
"true","2018-07-07T17:47:34","Received with","Mining","R9vTgLGABP8C1M4ayKt7qAibDGy4eNKBWQ","13.85455685","RVN","6788b896e4e0c789983d1dd209b63703c286d390de7985a7b7ba9945500e8fb7"
"true","2018-07-07T02:47:45","Received with","Mining","R9vTgLGABP8C1M4ayKt7qAibDGy4eNKBWQ","5.19846256","RVN","8cf692afeb8a178731fa73adcab99a77a60644124473b983faccbede98d87da7"
"true","2018-07-06T23:44:40","Received with","Mining","R9vTgLGABP8C1M4ayKt7qAibDGy4eNKBWQ","14.06942150","RVN","de659c484badabc87ba9c018be9c626f7425a084bfe3e146a6f93c91564ec3ee"
"true","2018-07-05T23:34:09","Received with","Mining","R9vTgLGABP8C1M4ayKt7qAibDGy4eNKBWQ","11.40774350","RVN","b13ee679374f962ec7016a45d539ad199295f3e1dbb3d84f346b9ab7a0ac7cf9"
"true","2018-07-05T02:28:31","Received with","Mining","R9vTgLGABP8C1M4ayKt7qAibDGy4eNKBWQ","5.38495839","RVN","30d6e4c02d6358b94db70e40ae68ac75efe133526cf1e229ebdb5e56d7ef801f"
"true","2018-07-04T23:27:19","Received with","Mining","R9vTgLGABP8C1M4ayKt7qAibDGy4eNKBWQ","6.57044633","RVN","4888c27eec661f0c8d86dcadcc5d926028eb7f11f69f6ff61ad79c6d44633b7c"
"true","2018-07-04T20:28:12","Received with","Mining","R9vTgLGABP8C1M4ayKt7qAibDGy4eNKBWQ","7.98728349","RVN","7cfcde279df24a11c1b7ce417e449a88988d81cae9f948950c6c1a8664b6e1c2"
"true","2018-07-04T17:24:38","Received with","Mining","R9vTgLGABP8C1M4ayKt7qAibDGy4eNKBWQ","10.96910020","RVN","9c478090923203e1e5b3252ba48ae2a122e714f26791eb66d1944c07ca948b1b"
"true","2018-07-04T00:39:53","Received with","Mining","R9vTgLGABP8C1M4ayKt7qAibDGy4eNKBWQ","9.24793282","RVN","bf35091475755bb76e7616f8d160bd9a6b93ccba54e083f02305c15da415ff7d"
"true","2018-07-03T01:27:16","Received with","Mining","R9vTgLGABP8C1M4ayKt7qAibDGy4eNKBWQ","13.04311260","RVN","33d19e5ca71c673c76f519d24a40d6b8349838f1bf34ba9476e9f5f8332c4266"
"true","2018-07-02T01:19:44","Received with","Mining","R9vTgLGABP8C1M4ayKt7qAibDGy4eNKBWQ","7.32403901","RVN","bc81fdecea567847fb6efda923eda138e1b77ba62ff0efd3ac5a3a13e6612d78"
"true","2018-07-01T22:13:53","Received with","Mining","R9vTgLGABP8C1M4ayKt7qAibDGy4eNKBWQ","8.29533674","RVN","7c4597eff1953d5e8643dda5569504a821e827c12ea1b6a1e73ab0b18e3c85c9"
"true","2018-07-01T19:16:11","Received with","Mining","R9vTgLGABP8C1M4ayKt7qAibDGy4eNKBWQ","8.13821921","RVN","5eab4cecdafb03b1d1177fd078b2f49a13b3f69f6bcfa02239c7ca683dc91b08"
"true","2018-07-01T13:11:59","Received with","Mining","R9vTgLGABP8C1M4ayKt7qAibDGy4eNKBWQ","3.19599834","RVN","354a2bf995afbf923577d8d20d109a1597c1ea67c535f4d5874e7593c5f8fecc"
"true","2018-07-01T01:07:54","Received with","Mining","R9vTgLGABP8C1M4ayKt7qAibDGy4eNKBWQ","6.23376004","RVN","99f6db973522e7b387dc3c1e0c43d57745a2bacb5b00e6ad9ead328f10f0db92"
"true","2018-06-30T22:12:58","Received with","Mining","R9vTgLGABP8C1M4ayKt7qAibDGy4eNKBWQ","8.17477099","RVN","5ef5cbee40362aa7bc788c065271c2572f95a7424dc921ce5939b9a13746308b"
"true","2018-06-30T19:10:39","Received with","Mining","R9vTgLGABP8C1M4ayKt7qAibDGy4eNKBWQ","7.92132321","RVN","a7cc3757fb4d9c738a034fb49302929d5e465584bd21883c708c24c73bc2d0ac"
"true","2018-06-30T16:08:38","Received with","Mining","R9vTgLGABP8C1M4ayKt7qAibDGy4eNKBWQ","7.75459404","RVN","b2f2df14811582b99e50039c0a38abd8ea3f5f33e8ddfdc41fe6dfef97ae17f6"
"true","2018-06-30T13:06:46","Received with","Mining","R9vTgLGABP8C1M4ayKt7qAibDGy4eNKBWQ","5.34496706","RVN","cff82b4f35ae11e0d7201dfd647a63140d5acef0c048b02813a4e89d8102950c"
"true","2018-06-30T01:05:22","Received with","Mining","R9vTgLGABP8C1M4ayKt7qAibDGy4eNKBWQ","11.00437147","RVN","a182bb5124ddca68c8fadaa7ef8d2d827e2ae78433cde3fe2a56c427c354e6fd"
"true","2018-06-29T00:58:14","Received with","Mining","R9vTgLGABP8C1M4ayKt7qAibDGy4eNKBWQ","8.03492353","RVN","09c512d6ca627f4f060ef8c7b9b8b9ff98321195db26257c98150d9ad8c1dbe1"
"true","2018-06-28T00:48:05","Received with","Mining","R9vTgLGABP8C1M4ayKt7qAibDGy4eNKBWQ","13.62730701","RVN","bbc5e9f24ec58be38cec7b351a59d5961704c1f2dc8f7c534d4ece87f695accb"
"true","2018-06-27T12:45:23","Received with","Mining","R9vTgLGABP8C1M4ayKt7qAibDGy4eNKBWQ","1.20073214","RVN","f1b1011070d14338a98ee262056dfb610b41d3284d4eddadaa19b5915436de71"
"true","2018-06-27T00:40:46","Received with","Mining","R9vTgLGABP8C1M4ayKt7qAibDGy4eNKBWQ","11.16255617","RVN","df32139397003abd108f03cce400d0c8ab646a8d24b242e7d4f3bf1a63188d5f"
"true","2018-06-26T00:33:03","Received with","Mining","R9vTgLGABP8C1M4ayKt7qAibDGy4eNKBWQ","10.48056036","RVN","9e331f7f955eb7224597524d00da88b1bc2c41872c7c3bbf577398061cdaa2c2"
"true","2018-06-25T00:24:53","Received with","Mining","R9vTgLGABP8C1M4ayKt7qAibDGy4eNKBWQ","6.91203187","RVN","d397a8e9e4f76dfef0799b779cb201c15f3f493b29ea7acdc6e3b848dd0ff8d3"
"true","2018-06-24T21:23:18","Received with","Mining","R9vTgLGABP8C1M4ayKt7qAibDGy4eNKBWQ","5.72059230","RVN","d034234adf98e0289288a88f3b700747499a6e29595b80555d09af8391629fa7"
"true","2018-06-24T18:24:27","Received with","Mining","R9vTgLGABP8C1M4ayKt7qAibDGy4eNKBWQ","7.97375769","RVN","8fdb25baa489e0c8be0ba41ab0035a334ec5e7bf7f86e5a6d681abef6a80d538"
"true","2018-06-24T15:23:02","Received with","Mining","R9vTgLGABP8C1M4ayKt7qAibDGy4eNKBWQ","9.70009236","RVN","0d12a6e5c3bd890ebb6d93c7216ad0dcbd3698da6404f3f38e1eba6bf211ff0d"
"true","2018-06-24T12:26:06","Received with","Mining","R9vTgLGABP8C1M4ayKt7qAibDGy4eNKBWQ","5.99681271","RVN","f3a54bc819633274c9303a035b09c50f9e20a9072a59e4585242a96c19587aad"
"true","2018-06-24T00:21:47","Received with","Mining","R9vTgLGABP8C1M4ayKt7qAibDGy4eNKBWQ","9.46339210","RVN","9405068ebbac188a7732adfbfdc0057fc860a5f35cb1f3e7d66db8d17d18d1a4"
"true","2018-06-23T18:19:05","Received with","Mining","R9vTgLGABP8C1M4ayKt7qAibDGy4eNKBWQ","5.00986080","RVN","66a47792e3fa10bd86bc60c4689b5b4e05a59dcc2537fde02c1860dd989ccd7d"
"true","2018-06-23T15:14:47","Received with","Mining","R9vTgLGABP8C1M4ayKt7qAibDGy4eNKBWQ","9.87371230","RVN","4b9d74c2b6f33c2cbc4158521431a51c5f15148d5d59d3b45af528d1de982010"
"true","2018-06-23T00:10:45","Received with","Mining","R9vTgLGABP8C1M4ayKt7qAibDGy4eNKBWQ","10.64063556","RVN","b6be607e38c0938612b658e23b433ff4ffaba9916cf3e0aff7cc854aa20d4248"
"true","2018-06-22T00:10:13","Received with","Mining","R9vTgLGABP8C1M4ayKt7qAibDGy4eNKBWQ","9.94461183","RVN","25cebcf768d2b72fcff3b27ab6db6ad7f1bd337cb4352228408fb34b611881b0"
"true","2018-06-21T00:02:42","Received with","Mining","R9vTgLGABP8C1M4ayKt7qAibDGy4eNKBWQ","10.92822459","RVN","cb2e90964b4be6abae300a18a2e03d4c23d26905476d5504b13a786b5bb96c5d"
"true","2018-06-19T23:39:50","Received with","Mining","R9vTgLGABP8C1M4ayKt7qAibDGy4eNKBWQ","11.57320988","RVN","919df27779af1ab7cc574f80105f8078a4ee3e9d07f91697cbf91534d0617100"
"true","2018-06-17T23:21:00","Received with","Mining","R9vTgLGABP8C1M4ayKt7qAibDGy4eNKBWQ","6.18163355","RVN","ba081f19fa8049a591c68a54e732d3cb6d7cf69f338d587f622f4faae3fe11ad"
"true","2018-06-16T14:10:47","Received with","Mining","R9vTgLGABP8C1M4ayKt7qAibDGy4eNKBWQ","5.66132773","RVN","2e78daa304b491a489b1a8223539cdc19d5e037c0bc483f2395035a27330a20a"
"true","2018-06-14T22:59:26","Received with","Mining","R9vTgLGABP8C1M4ayKt7qAibDGy4eNKBWQ","8.50690303","RVN","0030a7316ee67bc55e0ee04b583ded8ce16d7fdb7f97b1cee4d6f0b5cc1e33fc"
"true","2018-06-13T22:55:02","Received with","Mining","R9vTgLGABP8C1M4ayKt7qAibDGy4eNKBWQ","6.29862186","RVN","e28d68589bfcd5de5be262bcec83b5309aacb8374763dfc2967c33411a5ac9a1"
"true","2018-06-12T01:47:16","Received with","Mining","R9vTgLGABP8C1M4ayKt7qAibDGy4eNKBWQ","12.16661468","RVN","8e64fc1b26975fc87255f07468d39484f5813475b4f596bad8eda045905b21a6"
"true","2018-06-11T01:35:51","Received with","Mining","R9vTgLGABP8C1M4ayKt7qAibDGy4eNKBWQ","9.09454828","RVN","821a6c5645844baebbff8f8669aeffddca455eb66caded21c88530a9044a5271"
"true","2018-06-10T19:39:29","Received with","Mining","R9vTgLGABP8C1M4ayKt7qAibDGy4eNKBWQ","5.89592216","RVN","02e856afa7449ec31a64c33703fecc2ad4d15bd229ec1062f1f0463f31950330"
"true","2018-06-10T16:35:47","Received with","Mining","R9vTgLGABP8C1M4ayKt7qAibDGy4eNKBWQ","6.37268614","RVN","cace600fc417e14eef49159ba9c1ac2d1889dbf9a79a1b3704af14fba7841c98"
"true","2018-06-10T13:37:21","Received with","Mining","R9vTgLGABP8C1M4ayKt7qAibDGy4eNKBWQ","7.85466723","RVN","c5f53ecdf7a5070b102f485228994e9b63dcec486b31a015435456c5791ab521"
"true","2018-06-10T01:27:34","Received with","Mining","R9vTgLGABP8C1M4ayKt7qAibDGy4eNKBWQ","8.39696663","RVN","bc605b294254fbf82664dac9f226ed9b1f4e3754516784256f12d375d12864d8"
"true","2018-06-09T22:30:08","Received with","Mining","R9vTgLGABP8C1M4ayKt7qAibDGy4eNKBWQ","8.14489310","RVN","8ac504172ba8725eb6d4d85a0c8de75622fe2a072be2c6084ff0afa022fd4d10"
"true","2018-06-09T19:28:30","Received with","Mining","R9vTgLGABP8C1M4ayKt7qAibDGy4eNKBWQ","7.80386846","RVN","5a4b8fc6798a31c3883027ef8d10414efff103077283ccd23a067ca6989f4cdb"
"true","2018-06-09T16:23:47","Received with","Mining","R9vTgLGABP8C1M4ayKt7qAibDGy4eNKBWQ","5.19248406","RVN","0b21e0dc7eb844e34fb31c17a7f7d227418b1c6538bdf2559e640681c66551d1"
"true","2018-06-09T13:23:09","Received with","Mining","R9vTgLGABP8C1M4ayKt7qAibDGy4eNKBWQ","7.89584845","RVN","5224b60bf0ae377a339eac6db242785262f8c3583517dd13f52b6f5a1db70ac6"
"true","2018-06-09T01:16:08","Received with","Mining","R9vTgLGABP8C1M4ayKt7qAibDGy4eNKBWQ","11.45353479","RVN","f41889e45068fff5fdd748af33ffa27ca49d7306f9e285ca87cc1ef9eb2e1319"
"true","2018-06-08T01:10:50","Received with","Mining","R9vTgLGABP8C1M4ayKt7qAibDGy4eNKBWQ","9.34139698","RVN","a0b363cc5a9424470dc2844c7caaaecfe64c830ad286276c7e465c3d1b742ec2"
"true","2018-06-07T01:05:26","Received with","Mining","R9vTgLGABP8C1M4ayKt7qAibDGy4eNKBWQ","11.11582660","RVN","38dece21b0e1fad853c54f83e66706d73213f650af8998ecaa850a3009c16f80"
"true","2018-06-06T00:59:13","Received with","Mining","R9vTgLGABP8C1M4ayKt7qAibDGy4eNKBWQ","12.96145263","RVN","4ce12739354c01291224570008f4d31b71db352507b60f890c224311908e86fe"
"true","2018-06-05T00:50:19","Received with","Mining","R9vTgLGABP8C1M4ayKt7qAibDGy4eNKBWQ","12.20877938","RVN","4ed903a8a9e295fbb765bb125c638e12600debd9932429e684c26491923710ca"
"true","2018-06-04T03:26:43","Received with","Mining","R9vTgLGABP8C1M4ayKt7qAibDGy4eNKBWQ","2.63135522","RVN","e1f5f806ebe39dfaa212fcf368b6bed666d5d9829d3999f3ede7881e29318922"
"true","2018-06-03T21:40:19","Received with","Mining","R9vTgLGABP8C1M4ayKt7qAibDGy4eNKBWQ","9.38403036","RVN","96d59fe6b8776e293645371d1cc2b1e247c3fb85ead6640a8d0701151b3a8f70"
"true","2018-06-03T18:25:44","Received with","Mining","R9vTgLGABP8C1M4ayKt7qAibDGy4eNKBWQ","6.25445405","RVN","e2cbca8a169f8840cdd83efeaaff61048c7c305ba301696c4a3cd1857bd4bb5d"
"true","2018-06-02T22:15:26","Received with","Mining","R9vTgLGABP8C1M4ayKt7qAibDGy4eNKBWQ","11.45116340","RVN","8e0044093e6125d6aca79e23a1c5dd0dccb07e76cb7d704dd5b9895368f84b0b"
"true","2018-06-02T21:46:08","Received with","Mining","R9vTgLGABP8C1M4ayKt7qAibDGy4eNKBWQ","11.45116340","RVN","92401540d0a993a712eb29cc4565ed5fd81981977f34366144eb66575ee7914a"
"true","2018-06-02T18:38:19","Received with","Mining","R9vTgLGABP8C1M4ayKt7qAibDGy4eNKBWQ","11.45116340","RVN","679e8ea518359315ae58d23e2ec4e6b41bb9eb14836839c26a38fda8188fe2d0"
"true","2018-06-02T03:08:52","Received with","Mining","R9vTgLGABP8C1M4ayKt7qAibDGy4eNKBWQ","9.87333324","RVN","a00b589cd9194744af9f98e77566fa4cc2e8d14411a5fcc638f1c4cd4ec0be12"
"true","2018-06-01T02:28:32","Received with","Mining","R9vTgLGABP8C1M4ayKt7qAibDGy4eNKBWQ","10.61293160","RVN","691eb780b2a227156f075d020044f55fc029ad6a0e7c5dc8c0b5c531bdecb9d2"
"true","2018-05-31T09:14:22","Received with","Mining","R9vTgLGABP8C1M4ayKt7qAibDGy4eNKBWQ","4.28054179","RVN","0741763fc50bb2d57614055f53b64420f352c4ac4ec65a79c6f0aefab21baf03"
"true","2018-05-29T23:19:03","Received with","Mining","R9vTgLGABP8C1M4ayKt7qAibDGy4eNKBWQ","9.15553115","RVN","1672b281acf23519071622aa9f41bc8636abf169d2088e4b460f8b66ca784470"
"true","2018-05-28T23:12:42","Received with","Mining","R9vTgLGABP8C1M4ayKt7qAibDGy4eNKBWQ","5.60881699","RVN","520d1866b8c8cbc327010813b31243481affe96501a973574a1aec28a5203142"
"true","2018-05-28T20:23:28","Received with","Mining","R9vTgLGABP8C1M4ayKt7qAibDGy4eNKBWQ","14.32038719","RVN","7ba06e3e7a91598aaafb7892ed49bef135385ce0a5ff4040324f7686b45346e7"
"true","2018-05-28T14:09:58","Received with","Mining","R9vTgLGABP8C1M4ayKt7qAibDGy4eNKBWQ","13.89026056","RVN","d6e324f6bd025f2387b281291cae584ef89506a7d463bf6e667834ce2b976e92"
"true","2018-05-27T23:05:21","Received with","Mining","R9vTgLGABP8C1M4ayKt7qAibDGy4eNKBWQ","6.97980490","RVN","9bf7e3c46a5c1dc505a8497e8564ae2fee0534250ee9f037b4fa47154698479d"
"true","2018-05-27T20:02:44","Received with","Mining","R9vTgLGABP8C1M4ayKt7qAibDGy4eNKBWQ","22.11915125","RVN","6f3e3ee13692644b63231730b27c0f1915f0832a3b0f2ec917190501c6572a86"
"true","2018-05-27T01:57:18","Received with","Mining","R9vTgLGABP8C1M4ayKt7qAibDGy4eNKBWQ","5.24421573","RVN","3b45e80fb60f4f4512fd18edf0d18998ad6df4df5292335efb40340abfaf3c84"
"true","2018-05-26T22:57:25","Received with","Mining","R9vTgLGABP8C1M4ayKt7qAibDGy4eNKBWQ","11.88253652","RVN","4e3a94fcd9df2d189af83d74fc649a00b329a398ba6fe535f60ce7234f09f616"
"true","2018-05-26T16:55:18","Received with","Mining","R9vTgLGABP8C1M4ayKt7qAibDGy4eNKBWQ","9.04036693","RVN","62b68e3005b8903337f682d1c97a1f4fe4823c0f3685c656f15c0d7e51a82318"
"true","2018-05-26T01:51:01","Received with","Mining","R9vTgLGABP8C1M4ayKt7qAibDGy4eNKBWQ","8.84547633","RVN","d5c7953fc24742ce964bc3899c3884d86d066f6e92d5df2b66de6ab62e4c1d6c"
"true","2018-05-25T03:18:21","Received with","Mining","R9vTgLGABP8C1M4ayKt7qAibDGy4eNKBWQ","5.13298753","RVN","8fb30d50519e4c36cd62e70963d352ce406609d4486b1590c4390752c9cac017"
"true","2018-05-24T22:38:24","Received with","Mining","R9vTgLGABP8C1M4ayKt7qAibDGy4eNKBWQ","11.44796956","RVN","fb96c73cddf850f96a8c42e46e309e40de56e515fef6b6c36118baa6d9b2afb7"
"true","2018-05-23T13:38:36","Received with","Mining","R9vTgLGABP8C1M4ayKt7qAibDGy4eNKBWQ","7.10614250","RVN","38478565423e9baea4214f1eae6445cb09f4a7bd61443604da298b99e7ce262c"
"true","2018-05-22T01:35:12","Received with","Mining","R9vTgLGABP8C1M4ayKt7qAibDGy4eNKBWQ","10.40875431","RVN","ae16d6c794e8d6287c0f5fbee0e587d3bbd09cefb9dd4d386e8f518873ff152f"
"true","2018-05-21T19:20:58","Received with","Mining","R9vTgLGABP8C1M4ayKt7qAibDGy4eNKBWQ","5.13038025","RVN","ea0b825f5aa153cb1b75819a981d63c0e0c5e190be4ebd0b2670d0b9bd44a15a"
"true","2018-05-20T22:17:22","Received with","Mining","R9vTgLGABP8C1M4ayKt7qAibDGy4eNKBWQ","17.53757731","RVN","e20713694176f0f142de4b7c157d37b85a720ece75358850ba93b1e5a33a5e9b"
"true","2018-05-20T10:09:25","Received with","Mining","R9vTgLGABP8C1M4ayKt7qAibDGy4eNKBWQ","7.75048097","RVN","351cb73ad04e75778172f9fbd463a3a9d7963e2ba0e3567eae4c205f9071858c"
"true","2018-05-19T22:05:32","Received with","Mining","R9vTgLGABP8C1M4ayKt7qAibDGy4eNKBWQ","20.37703181","RVN","f1f729c4cb67ce1f27e2f8ea57f1a2daee29666aa777b6a247568e5c7fdf6f08"
"true","2018-05-19T13:02:56","Received with","Mining","R9vTgLGABP8C1M4ayKt7qAibDGy4eNKBWQ","15.65654075","RVN","b713854e938c6f8f8fd6054844cddfe44b9fff128b18191c96d450664ee1ba21"
"true","2018-05-18T01:01:23","Received with","Mining","R9vTgLGABP8C1M4ayKt7qAibDGy4eNKBWQ","6.64519238","RVN","fce4f0e46ad094f362b9a05b43923699a0b034d500837f40722afc22951210e5"
"true","2018-05-17T06:47:22","Received with","Mining","R9vTgLGABP8C1M4ayKt7qAibDGy4eNKBWQ","8.35257702","RVN","0896113c0e0978520d4f7efdf9790021695ef815cdc3b66f5b9844e02710a464"
"true","2018-05-16T09:43:15","Received with","Mining","R9vTgLGABP8C1M4ayKt7qAibDGy4eNKBWQ","9.42090616","RVN","4dc659e5b40e8a32c570fe1664bebacdda6815bb720171bff869322216b7e88d"
"true","2018-05-15T03:41:16","Received with","Mining","R9vTgLGABP8C1M4ayKt7qAibDGy4eNKBWQ","6.46857927","RVN","9404fd1e6fa400b869bfb590b42b370dd9c2f5cb57ccc45dbd5c622c33387891"
"true","2018-05-14T07:51:40","Received with","Mining","R9vTgLGABP8C1M4ayKt7qAibDGy4eNKBWQ","9.76205659","RVN","4578531cb90a7ff6b19f1b4ea2de4a8adc6e1a7759c6b17d9402373cc0abc94d"
"true","2018-05-13T18:34:14","Received with","Mining","R9vTgLGABP8C1M4ayKt7qAibDGy4eNKBWQ","7.14498124","RVN","edf925c5602be58c34fb6e67228228864a48053315d3d15bfec169b5c30d9f88"
"true","2018-05-13T12:34:24","Received with","Mining","R9vTgLGABP8C1M4ayKt7qAibDGy4eNKBWQ","2.58060873","RVN","4bc7658f1b34a68f137f208257345a9befa49c613765c0541ad859689d3384e3"
"true","2018-05-13T00:22:33","Received with","Mining","R9vTgLGABP8C1M4ayKt7qAibDGy4eNKBWQ","6.19084998","RVN","2752e1349ce9a9a241ac12e5df19141f451ecb9ab26b03bb33069768b72702c5"
"true","2018-05-12T20:19:37","Received with","Mining","R9vTgLGABP8C1M4ayKt7qAibDGy4eNKBWQ","5.71841955","RVN","0236d8652e3e2b7c532e21c537b3cbabc3644a887c470be32948c262da724cd7"
"true","2018-05-12T16:18:12","Received with","Mining","R9vTgLGABP8C1M4ayKt7qAibDGy4eNKBWQ","5.23004951","RVN","1fb0dbc4b48a26602e34622caf4f330f8fb7e8e76e749d09ecef5184c6c766c7"
"true","2018-05-12T12:17:31","Received with","Mining","R9vTgLGABP8C1M4ayKt7qAibDGy4eNKBWQ","6.21337739","RVN","749011e1cc565930921d626eb0f0bf60f67a59d277864a2bc051ce1184d5151b"
"true","2018-05-11T22:08:22","Received with","Mining","R9vTgLGABP8C1M4ayKt7qAibDGy4eNKBWQ","7.10495157","RVN","29278705191dea2b362125e8badeca4e9bc5f5c851cb2b98fde3e5bf71d09486"
"true","2018-05-10T22:50:37","Received with","Mining","R9vTgLGABP8C1M4ayKt7qAibDGy4eNKBWQ","5.98046369","RVN","a50612c95c95376f91ea1b3c7419a49075318cd580bcd3ac377eae41cd264d37"
"true","2018-05-09T23:30:39","Received with","Mining","R9vTgLGABP8C1M4ayKt7qAibDGy4eNKBWQ","6.71401674","RVN","cefa3864772439fc6bb87d98b206fd6fb9c9fc2f392b94f0c072f321737efe55"
"true","2018-05-09T00:17:36","Received with","Mining","R9vTgLGABP8C1M4ayKt7qAibDGy4eNKBWQ","7.14543016","RVN","91c197ffa6cffa044bd8c5e7ecee14abed2dea8d26ff59c4e7ccd15f1ad06b9a"
"true","2018-05-08T01:56:38","Received with","Mining","R9vTgLGABP8C1M4ayKt7qAibDGy4eNKBWQ","5.03527982","RVN","746b66ef80f11c47b1ec4e85229acfd9cf1017dfbd8c64c44ccbab9f730a2c22"
"true","2018-05-07T21:54:05","Received with","Mining","R9vTgLGABP8C1M4ayKt7qAibDGy4eNKBWQ","6.18840999","RVN","4782e95151ab216b29255f81e1b17406c754c11d2fb67e0b692651babd71dee5"
"true","2018-05-06T23:21:00","Received with","Mining","R9vTgLGABP8C1M4ayKt7qAibDGy4eNKBWQ","5.78726530","RVN","278d13d99563449075b5cf0e59219c051a383b30008490187b6ef1974d79d9d9"
"true","2018-05-06T20:11:38","Received with","Mining","R9vTgLGABP8C1M4ayKt7qAibDGy4eNKBWQ","6.53727025","RVN","cc051a63f24877bb706ec71a7e0d2083ed8c0b8faf39a03621f42ce4618685d7"
"true","2018-05-06T17:08:45","Received with","Mining","R9vTgLGABP8C1M4ayKt7qAibDGy4eNKBWQ","6.07610942","RVN","c09f3d4439374539038935ce531f63d2603e942ae0c1d7d1dec88dfc6cd99565"
"true","2018-05-06T00:55:27","Received with","Mining","R9vTgLGABP8C1M4ayKt7qAibDGy4eNKBWQ","6.09050665","RVN","b729bffcb2c1b2454e2218775cf1ad81da47211ab184811a480b0616c8525c00"
"true","2018-05-05T20:55:17","Received with","Mining","R9vTgLGABP8C1M4ayKt7qAibDGy4eNKBWQ","5.31842819","RVN","8c1275fdb3861ed24dfa82e384b93f9ae63f32fb077a26532dbd7cbe64347b40"
"true","2018-05-05T17:59:10","Received with","Mining","R9vTgLGABP8C1M4ayKt7qAibDGy4eNKBWQ","4.85639819","RVN","9ea605e235e7b0af8dcde65d968760d34af9b8a3b983055bdf4cb491675b08c5"
"true","2018-05-05T14:52:11","Received with","Mining","R9vTgLGABP8C1M4ayKt7qAibDGy4eNKBWQ","7.71678373","RVN","98cdf6845794ecdc0e02b8a77516c598fa952ebdcc0c9a8bb858bff85b79bf79"
"true","2018-05-05T11:54:18","Received with","Mining","R9vTgLGABP8C1M4ayKt7qAibDGy4eNKBWQ","6.22269242","RVN","9f1bc661daf611eb7be6d436f20ed501c1827cd2a1838f2c60d61b0a7534781c"
"true","2018-05-04T22:41:44","Received with","Mining","R9vTgLGABP8C1M4ayKt7qAibDGy4eNKBWQ","5.71786563","RVN","e2ab99b311d587f066029e7be656131299fbf256996682a3fa87516f0d09d6d0"
"true","2018-05-03T23:31:19","Received with","Mining","R9vTgLGABP8C1M4ayKt7qAibDGy4eNKBWQ","8.76373748","RVN","ea4be9e5f06c52b3fa5ad8acd7569d91ce004cfa7c971542d7f4aa7dc54d3fb4"
"true","2018-05-03T00:18:01","Received with","Mining","R9vTgLGABP8C1M4ayKt7qAibDGy4eNKBWQ","6.04754483","RVN","8e49c4cc15bad21dd5cfd271cd5c7501180b2c24250152125fe0323122aec373"
"true","2018-05-02T22:17:13","Received with","Mining","R9vTgLGABP8C1M4ayKt7qAibDGy4eNKBWQ","6.06849662","RVN","260e13a7886830535c1652a99f24b88f042230bd92104b07437305343e6e0cb5"
"true","2018-05-01T23:50:03","Received with","Mining","R9vTgLGABP8C1M4ayKt7qAibDGy4eNKBWQ","6.71435873","RVN","703c9bd334f4471597190104c31e556283387e2852571ae01e288a59688971c3"
"true","2018-05-01T20:43:04","Received with","Mining","R9vTgLGABP8C1M4ayKt7qAibDGy4eNKBWQ","7.63671906","RVN","53de82e29a26c3d7a47f6373764388c618c558ab189ec6744a564972dff935c8"
"true","2018-04-30T23:16:26","Received with","Mining","R9vTgLGABP8C1M4ayKt7qAibDGy4eNKBWQ","6.13876031","RVN","6013c30647afd80f67660b61e6a3165e49586cee378698322a3f33909837d3db"
"true","2018-04-30T21:12:54","Received with","Mining","R9vTgLGABP8C1M4ayKt7qAibDGy4eNKBWQ","6.45538741","RVN","a80c9e90cda8052ab57c159b1b8a99b1399de685c0a592bbe2426be1e510f4d7"
"true","2018-04-29T22:48:50","Received with","Mining","R9vTgLGABP8C1M4ayKt7qAibDGy4eNKBWQ","6.32225141","RVN","6fdc42c2c38910fb77dc26145c161853a28531f977b95856718d563a61ae19ab"
"true","2018-04-29T20:51:03","Received with","Mining","R9vTgLGABP8C1M4ayKt7qAibDGy4eNKBWQ","5.96480654","RVN","512b947286f25ef8b17dad2b56f2c97b99cf8048ae4ecbb9d776697b23d61fca"
"true","2018-04-29T18:46:51","Received with","Mining","R9vTgLGABP8C1M4ayKt7qAibDGy4eNKBWQ","5.35861678","RVN","a26f8a9cfdd8a982f1f6e8f65ffd781dd39c643b98f5b052de7c4a0fc2445be4"
"true","2018-04-29T16:47:56","Received with","Mining","R9vTgLGABP8C1M4ayKt7qAibDGy4eNKBWQ","5.90727100","RVN","3d42259b711d2ee1481d934c3b0df894e3ea9e8ad4dea95cf60f4850bb53e74b"
"true","2018-04-29T14:40:36","Received with","Mining","R9vTgLGABP8C1M4ayKt7qAibDGy4eNKBWQ","2.33076417","RVN","f4c8471490495bbcc3e7569805b73c17c1e216b3fd62378a4c4557f5ad352609"
"true","2018-04-29T13:40:42","Received with","Mining","R9vTgLGABP8C1M4ayKt7qAibDGy4eNKBWQ","2.52206520","RVN","614b881c02d77b339e2001f64399e256d30d00da05dea27e52b962d1bf763d87"
"true","2018-04-29T12:39:55","Received with","Mining","R9vTgLGABP8C1M4ayKt7qAibDGy4eNKBWQ","1.64171585","RVN","3961626d029f45dc87c4d5b2050aa14f6f835475172805bd3f8f7dd70b78e53d"
"true","2018-04-29T11:41:46","Received with","Mining","R9vTgLGABP8C1M4ayKt7qAibDGy4eNKBWQ","1.56892401","RVN","13c50f5746cb425f5c5c46c01b1dddac79dd7741c47e2e7c2339b8dadd198357"
"true","2018-04-29T11:36:46","Received with","Mining","R9vTgLGABP8C1M4ayKt7qAibDGy4eNKBWQ","0.90285221","RVN","9e104024ace1f5456aa6b4d6a9ac68b6cca564f6e70573241702cc2034055fe4"
"true","2018-04-29T00:26:37","Received with","Mining","R9vTgLGABP8C1M4ayKt7qAibDGy4eNKBWQ","5.88536558","RVN","91dfd98b1f108faa398b100278a0e854c6647cb35fde363a24ff9a6981828f5b"
"true","2018-04-28T21:22:02","Received with","Mining","R9vTgLGABP8C1M4ayKt7qAibDGy4eNKBWQ","5.47182515","RVN","6832594486ff9dcbefcf43dd2352be688bdd814f7fd9887e018ed5c03c906d31"
"true","2018-04-28T19:18:52","Received with","Mining","R9vTgLGABP8C1M4ayKt7qAibDGy4eNKBWQ","6.00483684","RVN","84ff5059c46e68e85d2af4e68d44c321eb12dc3b5e20bad089567efb4ae0c5d9"
"true","2018-04-28T02:07:19","Received with","Mining","R9vTgLGABP8C1M4ayKt7qAibDGy4eNKBWQ","5.27159794","RVN","a2fb29067028881ed0619d843aa468a8b913b9bcee6278949d63ba5f734f48fa"
"true","2018-04-28T00:02:16","Received with","Mining","R9vTgLGABP8C1M4ayKt7qAibDGy4eNKBWQ","6.95396373","RVN","f124e0f7e74948a51fbbea4594cf7f6ca15938903dfa5e359c10f53af98e0a4a"
"true","2018-04-27T00:41:19","Received with","Mining","R9vTgLGABP8C1M4ayKt7qAibDGy4eNKBWQ","8.07564328","RVN","d533518a3b4aaba9c38dba0d0826261fb716450caf5ed19def76ebabbc2fe0db"
"true","2018-04-26T21:36:53","Received with","Mining","R9vTgLGABP8C1M4ayKt7qAibDGy4eNKBWQ","7.08015709","RVN","f2d0b4c8d3fc7eff44ecd5ae7da71211c7136468108f569451679c2eb8d79401"
"true","2018-04-26T18:35:32","Received with","Mining","R9vTgLGABP8C1M4ayKt7qAibDGy4eNKBWQ","5.77476170","RVN","8a1ce59e2b7363975627fc20a73fd9583ab19005d9666af672c2b19b61f412fc"
"true","2018-04-26T16:32:40","Received with","Mining","R9vTgLGABP8C1M4ayKt7qAibDGy4eNKBWQ","5.57127454","RVN","f903b70b1d84e3a1ddcae0c38f425cf1c7e29b2f93a99ad36a5c13298934584a"
"true","2018-04-26T14:31:21","Received with","Mining","R9vTgLGABP8C1M4ayKt7qAibDGy4eNKBWQ","7.60900161","RVN","ec15d1a87619995f803f4897a1003988986fcdef7538e8ff0176d857db3ea56f"
"true","2018-04-26T01:21:50","Received with","Mining","R9vTgLGABP8C1M4ayKt7qAibDGy4eNKBWQ","6.31217721","RVN","26a7339c6c266abf91250e5bdd90b8121fee3b211371688a060d09d64316c664"
"true","2018-04-25T22:19:41","Received with","Mining","R9vTgLGABP8C1M4ayKt7qAibDGy4eNKBWQ","6.88454766","RVN","b12a57465668bee928741703f2cd3853ab31145864483a779ccc679999481819"
"true","2018-04-25T00:02:05","Received with","Mining","R9vTgLGABP8C1M4ayKt7qAibDGy4eNKBWQ","5.50399054","RVN","45fc8c1e9f1af7ee698583c3862ec89045615aea0535b4116d3f002b6a4c156e"
"true","2018-04-24T21:53:42","Received with","Mining","R9vTgLGABP8C1M4ayKt7qAibDGy4eNKBWQ","6.12021766","RVN","6a078d51a14b81fd8e40988d1487706ce786059d8e757c0c83fab9ddb04be374"
"true","2018-04-23T22:30:26","Received with","Mining","R9vTgLGABP8C1M4ayKt7qAibDGy4eNKBWQ","6.10727586","RVN","4927d4290cb25650ba1835a164fee55bdd77429f2c2e8967b60563d768eafc7c"
"true","2018-04-23T00:49:12","Received with","Mining","R9vTgLGABP8C1M4ayKt7qAibDGy4eNKBWQ","5.07473595","RVN","818c4587f0089c5515c782938ca98a5a8104058ca0e76d098e12347f48004671"
"true","2018-04-22T21:45:09","Received with","Mining","R9vTgLGABP8C1M4ayKt7qAibDGy4eNKBWQ","5.04203606","RVN","2af9e4f9640f7f70b747dd7209003a4ca81a1300e83020add40e6183ea517309"
"true","2018-04-22T19:45:15","Received with","Mining","R9vTgLGABP8C1M4ayKt7qAibDGy4eNKBWQ","5.21673633","RVN","2994902511f10b67bc9c2c4b5c31a77e3a0c772ef7b4d8c71f3b05d255298e61"
"true","2018-04-22T17:42:33","Received with","Mining","R9vTgLGABP8C1M4ayKt7qAibDGy4eNKBWQ","6.25297398","RVN","d83a7982e09201344104359ca3ad34e2928f600ffe318af64ed067b8eb45f9e9"
"true","2018-04-22T14:43:42","Received with","Mining","R9vTgLGABP8C1M4ayKt7qAibDGy4eNKBWQ","2.63223012","RVN","3d2bae2723e3e32f605e0181feaa8f16a538e93497fe2bae245bd893de7089bd"
"true","2018-04-22T13:37:49","Received with","Mining","R9vTgLGABP8C1M4ayKt7qAibDGy4eNKBWQ","3.77445832","RVN","2b04478497d74438d475a5b4c142d9d5775a7c31e5d2675014d8fefe64b9ae89"
"true","2018-04-22T12:38:15","Received with","Mining","R9vTgLGABP8C1M4ayKt7qAibDGy4eNKBWQ","2.16016498","RVN","908793a7490d20ed6b413c6f3e283aa39b3ce41613676f2f40212cc3315bd536"
"true","2018-04-22T09:48:26","Received with","Mining","R9vTgLGABP8C1M4ayKt7qAibDGy4eNKBWQ","4.48829141","RVN","fd57eeaf5b40768088f514068adf751981ed7ff26a5cb4de46e435f00feac7a7"
"true","2018-04-21T23:20:54","Received with","Mining","R9vTgLGABP8C1M4ayKt7qAibDGy4eNKBWQ","6.13683909","RVN","ee3894744b74fe271731ee9b37876681955afa83778922bbf9b13ab245856d1c"
"true","2018-04-21T20:18:30","Received with","Mining","R9vTgLGABP8C1M4ayKt7qAibDGy4eNKBWQ","6.60124051","RVN","2175e9b73710d02db32162126874ad014b7fd69878f001c50a3fb7960ea898aa"
"true","2018-04-21T16:15:53","Received with","Mining","R9vTgLGABP8C1M4ayKt7qAibDGy4eNKBWQ","6.84466303","RVN","9103119bd174424eec6119afee3d50d1e3975640baf72e41935b4fc8a71815ff"
"true","2018-04-21T13:12:27","Received with","Mining","R9vTgLGABP8C1M4ayKt7qAibDGy4eNKBWQ","7.07785695","RVN","231cd67e56ce3742f22a41ed93844cd310b94d64a681d80b3471dd8d2ae2e292"
"true","2018-04-20T23:53:38","Received with","Mining","R9vTgLGABP8C1M4ayKt7qAibDGy4eNKBWQ","6.24112274","RVN","663dab9ba12063632c01ac6c6ea5c912aca23c50f7e5767549e602d5b956331d"
"true","2018-04-20T00:20:00","Received with","Mining","R9vTgLGABP8C1M4ayKt7qAibDGy4eNKBWQ","7.20877420","RVN","0ac2d304e7cdbde630152c5b9b0e976eb8d807cba0f8d6fdae47cfd70aa614e5"
"true","2018-04-19T00:50:39","Received with","Mining","R9vTgLGABP8C1M4ayKt7qAibDGy4eNKBWQ","6.22113320","RVN","413d29a5addd7778d5b5d47d5bcdf7202a04613888c475434debeac029f2e983"
"true","2018-04-18T21:43:14","Received with","Mining","R9vTgLGABP8C1M4ayKt7qAibDGy4eNKBWQ","6.40712109","RVN","c63e48dee82d8002da71ce13e3d0a4a36cca06a76f5a842b7beffba56738ae99"
"true","2018-04-17T23:46:26","Received with","Mining","R9vTgLGABP8C1M4ayKt7qAibDGy4eNKBWQ","5.47398411","RVN","dbe092097094cb414d64a8a6a00ed449d4411d84145a0db3ae6aa069848f7880"
"true","2018-04-17T00:10:24","Received with","Mining","R9vTgLGABP8C1M4ayKt7qAibDGy4eNKBWQ","6.04549968","RVN","bb99203378bbb48b0181e28bc5a0fbfe7e3232066087490309b6ea4054ffd47e"
"true","2018-04-16T21:06:40","Received with","Mining","R9vTgLGABP8C1M4ayKt7qAibDGy4eNKBWQ","7.33501241","RVN","0983c90f23462965a3d089b9e49fadb8d633c297d60b0e8fb9996834c535fc44"
"true","2018-04-15T20:41:13","Received with","Mining","R9vTgLGABP8C1M4ayKt7qAibDGy4eNKBWQ","5.21198272","RVN","a4b101294b5505490eac65b66b11a33a0905fa9c27fc16451deb76bf65491a50"
"true","2018-04-15T17:39:20","Received with","Mining","R9vTgLGABP8C1M4ayKt7qAibDGy4eNKBWQ","5.73029164","RVN","605f74507395d8d7af26d6563e1c6c490821cea621b03378ec6f1a30c3c10589"
"true","2018-04-15T14:36:04","Received with","Mining","R9vTgLGABP8C1M4ayKt7qAibDGy4eNKBWQ","2.48033836","RVN","1ddaa5a838bafaa01ff3a484c16a07a193a6efcf08033855d1fc30c5c046899c"
"true","2018-04-15T13:33:38","Received with","Mining","R9vTgLGABP8C1M4ayKt7qAibDGy4eNKBWQ","2.88807072","RVN","3f56e29e134d45a840f946ce3527167ee7fdfa913610e4ed6268c1047fb420d9"
"true","2018-04-15T12:30:33","Received with","Mining","R9vTgLGABP8C1M4ayKt7qAibDGy4eNKBWQ","0.77572728","RVN","42da843a683bf5f6ff9969656767d69ebf8c6d6d17c440d4a6971ed98c996e2d"
"true","2018-04-15T11:30:27","Received with","Mining","R9vTgLGABP8C1M4ayKt7qAibDGy4eNKBWQ","0.59744830","RVN","44420005753c231d7d836b69bb3e572a7e3eeff7e614091f35d9c48aa3291bed"
"true","2018-04-15T00:19:34","Received with","Mining","R9vTgLGABP8C1M4ayKt7qAibDGy4eNKBWQ","6.42699445","RVN","443006597a12b55f0b24fdacedb7fde982d5a1ee43c7ef61e72a7bc128e78729"
"true","2018-04-14T21:16:44","Received with","Mining","R9vTgLGABP8C1M4ayKt7qAibDGy4eNKBWQ","5.55562660","RVN","7c5bb8507bc14609d2135d69ec56c12ce306b6b2ab04f4d4cf5f2c7b6181e17a"
"true","2018-04-14T17:13:40","Received with","Mining","R9vTgLGABP8C1M4ayKt7qAibDGy4eNKBWQ","6.14578585","RVN","14194a041600c0ea5590f77d6757f2121a307840c9ccc6fa76990c7c862413bc"
"true","2018-04-14T14:12:05","Received with","Mining","R9vTgLGABP8C1M4ayKt7qAibDGy4eNKBWQ","5.95726093","RVN","38f53b675314401630be7b64f4876ba24ce879fabd8328f26e516e98161d4552"
"true","2018-04-14T12:09:08","Received with","Mining","R9vTgLGABP8C1M4ayKt7qAibDGy4eNKBWQ","5.84059947","RVN","8777f81f4e114d885ed06efdc68220066a70db6068724aacfa3be928231c122e"
"true","2018-04-13T22:57:30","Received with","Mining","R9vTgLGABP8C1M4ayKt7qAibDGy4eNKBWQ","5.25310218","RVN","baa260dbc92908af118d024a8f8ca1428c0c0680c12d9237314e645402b3db64"
"true","2018-04-13T00:39:56","Received with","Mining","R9vTgLGABP8C1M4ayKt7qAibDGy4eNKBWQ","6.21234220","RVN","17581bb98c7e81f2473b4d980a310e35194890c9ceea8243cba5d5933bb7b556"
"true","2018-04-12T00:05:27","Received with","Mining","R9vTgLGABP8C1M4ayKt7qAibDGy4eNKBWQ","6.11248257","RVN","fe25acdf3f78f2cc38a39cd140c73f3c550bfa13ba0be1b6463f67ad2aecabca"
"true","2018-04-11T21:07:27","Received with","Mining","R9vTgLGABP8C1M4ayKt7qAibDGy4eNKBWQ","5.27925873","RVN","e8c1624d4cc6331103e3368fe1f5dfddadd3938d53fb21b884cb40d51b9c1d1f"
"true","2018-04-10T22:30:51","Received with","Mining","R9vTgLGABP8C1M4ayKt7qAibDGy4eNKBWQ","6.45275274","RVN","9f1dd8e6d31f134e51955bc61ee8ed4078c3ba62b1b35adc5a2a43468d8781a0"
"true","2018-04-09T23:02:46","Received with","Mining","R9vTgLGABP8C1M4ayKt7qAibDGy4eNKBWQ","5.31189386","RVN","db4cefbe60c51475b56d4e98358f190ffcca949265595ebe0edacf9eec9b1f20"
"true","2018-04-09T00:21:27","Received with","Mining","R9vTgLGABP8C1M4ayKt7qAibDGy4eNKBWQ","5.10043043","RVN","a885bfbf417d5f2caaf35d9c126021b2ce9353ded2d21998b9e14a8242ad6590"
"true","2018-04-08T21:17:07","Received with","Mining","R9vTgLGABP8C1M4ayKt7qAibDGy4eNKBWQ","6.40531078","RVN","71732c50582b5fa84154fd935d0585723c477be23d2ae00defd6c7c2d6a664fb"
"true","2018-04-08T18:03:43","Received with","Mining","R9vTgLGABP8C1M4ayKt7qAibDGy4eNKBWQ","0.85906637","RVN","90586ee55dba9290a0f405965ee511702bd51f0d476b2fd36a8355d2abcade0c"
"true","2018-04-08T17:19:45","Received with","Mining","R9vTgLGABP8C1M4ayKt7qAibDGy4eNKBWQ","5.00674910","RVN","3b1ea63d70ce43a65ba4b07005f9555413bc55a3a7ef54ab0f90106c3183fc42"
"true","2018-04-08T14:12:36","Received with","Mining","R9vTgLGABP8C1M4ayKt7qAibDGy4eNKBWQ","1.90008443","RVN","def071598ac911c2193f057d667937a6c9c438f37d4fbcafd5760573a0872347"
"true","2018-04-08T13:10:05","Received with","Mining","R9vTgLGABP8C1M4ayKt7qAibDGy4eNKBWQ","1.24003130","RVN","0878f1a9260aa37e762b8854b5c4d9403dddb5a3c638d15429a3ad2fda7c47f1"
"true","2018-04-08T12:08:00","Received with","Mining","R9vTgLGABP8C1M4ayKt7qAibDGy4eNKBWQ","1.31188971","RVN","f6c342c98b619cc90d2f8a54168a7cd91a388ea09c4ddf085e5e2ad232e19597"
"true","2018-04-08T11:10:09","Received with","Mining","R9vTgLGABP8C1M4ayKt7qAibDGy4eNKBWQ","2.86103715","RVN","6da790359755cd9afe67b84c7d9a0c91e53e4062d3496717666af6e59415a32f"
"true","2018-04-08T11:07:40","Received with","Mining","R9vTgLGABP8C1M4ayKt7qAibDGy4eNKBWQ","1.37796562","RVN","effe602439d57ee60c08dd6b261b2a61c76901c4d0f6f81fb3055778db9ed91b"
"true","2018-04-07T23:50:41","Received with","Mining","R9vTgLGABP8C1M4ayKt7qAibDGy4eNKBWQ","5.32949532","RVN","f172fd7d7b7721aa5c8d1abf9cd3dcb85ef552a167778fabacb551912d983cf7"
"true","2018-04-07T19:45:22","Received with","Mining","R9vTgLGABP8C1M4ayKt7qAibDGy4eNKBWQ","6.61250089","RVN","495cd4decf311b6f5adb791ae599a263d5894f0d1b206c62cef480530c5d03f3"
"true","2018-04-07T15:47:21","Received with","Mining","R9vTgLGABP8C1M4ayKt7qAibDGy4eNKBWQ","5.34618384","RVN","0eca11b4b201e54fcbbb7b6f8153f20a10e1d56936d41e2b614926e2d5171697"
"true","2018-04-07T13:41:58","Received with","Mining","R9vTgLGABP8C1M4ayKt7qAibDGy4eNKBWQ","5.62897882","RVN","1a25b95bf4d02c6480acab91b6ec936c13d3a43050dbf3f7909dfaaf9bd5c0e9"
"true","2018-04-07T00:28:35","Received with","Mining","R9vTgLGABP8C1M4ayKt7qAibDGy4eNKBWQ","6.50380260","RVN","999823fcf83e42840a4cba355aef57e29a922b22b5ace6092bc0398329761f21"
"true","2018-04-06T21:27:38","Received with","Mining","R9vTgLGABP8C1M4ayKt7qAibDGy4eNKBWQ","5.58703369","RVN","f4e91c6303a4823805bdf106e0f380593d1e23b253fd6a1c5fb274568d12c090"
"true","2018-04-05T21:59:47","Received with","Mining","R9vTgLGABP8C1M4ayKt7qAibDGy4eNKBWQ","7.61946977","RVN","8cf1564bc9e6593d16b0da817033090fc3b2b9ab9f9c550d1fc2f524ceecf40c"
"true","2018-04-03T23:04:00","Received with","Mining","R9vTgLGABP8C1M4ayKt7qAibDGy4eNKBWQ","5.21968317","RVN","03e12e2528dd16e7b4e241eee63444503ac2d5c23473348b731f659ae86227e8"
"true","2018-04-02T23:32:19","Received with","Mining","R9vTgLGABP8C1M4ayKt7qAibDGy4eNKBWQ","6.36891606","RVN","a78a6f750f7873db166e3f15777ceb5d7c9148b4894e768e4a988f90f0dd6ec0"
"true","2018-04-01T23:02:16","Received with","Mining","R9vTgLGABP8C1M4ayKt7qAibDGy4eNKBWQ","1.69044382","RVN","3f8cffb68c24edbe69072e5254fac70013e0512d689e463749c8c621c94c8fe2"
"true","2018-04-01T20:53:13","Received with","Mining","R9vTgLGABP8C1M4ayKt7qAibDGy4eNKBWQ","5.12320772","RVN","85d4185ea984f892a5ae391a374d355604ea0609b832a52b962ccde5331b9cd3"
"true","2018-04-01T17:51:49","Received with","Mining","R9vTgLGABP8C1M4ayKt7qAibDGy4eNKBWQ","5.95862467","RVN","14ada831ac5f9345aa002a34e49f77552918890e24c8f8624040a81a2e75612a"
"true","2018-04-01T14:49:11","Received with","Mining","R9vTgLGABP8C1M4ayKt7qAibDGy4eNKBWQ","1.78412098","RVN","d52223b68e3fb6bc332ab62c8904a436614058f1c4db9b73ac9936ba0aa2e1e4"
"true","2018-04-01T13:48:55","Received with","Mining","R9vTgLGABP8C1M4ayKt7qAibDGy4eNKBWQ","2.72057973","RVN","a4c9f3c1c94c8e1cca5aca1216d3772a3b74445d4c8748443c02d77f8e1ead96"
"true","2018-04-01T12:50:54","Received with","Mining","R9vTgLGABP8C1M4ayKt7qAibDGy4eNKBWQ","1.36166908","RVN","4058b0ce8b087cec23b7a6ecc972c1c9479ac87bd6676a0fead5fd8b13a05a5d"
"true","2018-04-01T11:49:55","Received with","Mining","R9vTgLGABP8C1M4ayKt7qAibDGy4eNKBWQ","1.41516628","RVN","f967445396fc8c4f9dddf86290fb967428282b88d484423e15a968e2e5fd4f52"
"true","2018-04-01T11:49:55","Received with","Mining","R9vTgLGABP8C1M4ayKt7qAibDGy4eNKBWQ","2.33582496","RVN","8deab1b8bbc2665ec6fd5a7468c2e59e2c50b3f25607ea9519ca6caffaf3c842"
"true","2018-03-31T23:34:18","Received with","Mining","R9vTgLGABP8C1M4ayKt7qAibDGy4eNKBWQ","6.70459528","RVN","89f8ce71e759c68d15bb6d9b73a66e49d1e5698803fbf5c2e9754d26c61f83cc"
"true","2018-03-31T18:23:38","Received with","Mining","R9vTgLGABP8C1M4ayKt7qAibDGy4eNKBWQ","5.51926793","RVN","a016d242c1b5991f614ee46f768bca0a522134b84434231f3d661ea50db96b12"
"true","2018-03-31T13:19:43","Received with","Mining","R9vTgLGABP8C1M4ayKt7qAibDGy4eNKBWQ","5.92085949","RVN","0e4f975a09419a6888ed5c2a4bff7094019c83480b64c23cb20eb748c96b200d"
"true","2018-03-31T02:03:21","Received with","Mining","R9vTgLGABP8C1M4ayKt7qAibDGy4eNKBWQ","5.30744632","RVN","722c53ac246427620d5b459c308d4a88c58b353730eb666187f5ebbb87c9ebca"
"true","2018-03-30T21:58:08","Received with","Mining","R9vTgLGABP8C1M4ayKt7qAibDGy4eNKBWQ","5.36744865","RVN","22cc1645bbc522834a1d85e37c231744b620142762f8f397083478dc145e40f4"
"true","2018-03-30T18:54:06","Received with","Mining","R9vTgLGABP8C1M4ayKt7qAibDGy4eNKBWQ","6.32108237","RVN","ecd964c19afb289725e18f9b509141f1143b325d91a6a99826dbb6681b81d357"
"true","2018-03-30T13:46:45","Received with","Mining","R9vTgLGABP8C1M4ayKt7qAibDGy4eNKBWQ","5.35815345","RVN","da6df6d963a54f7df6c1e1abd0820f586475e5dcc8636c99bdad7d16cf8be2bc"
"true","2018-03-30T00:35:43","Received with","Mining","R9vTgLGABP8C1M4ayKt7qAibDGy4eNKBWQ","5.90343081","RVN","4db807a9aff5510deecf49e7b42e0ffbbf1799251f68afc24a07db2d67972773"
"true","2018-03-28T23:13:09","Received with","Mining","R9vTgLGABP8C1M4ayKt7qAibDGy4eNKBWQ","6.63970341","RVN","fb74559400774e0ac6952654455741e29c1ef6f02e3e0aa347dfca0760679241"
"true","2018-03-28T00:42:42","Received with","Mining","R9vTgLGABP8C1M4ayKt7qAibDGy4eNKBWQ","5.08862317","RVN","6935ecdf4a2156f4b5f2501f729110899f7d90362bf6e1e0c1c582edbbc4d346"
"true","2018-03-27T21:35:16","Received with","Mining","R9vTgLGABP8C1M4ayKt7qAibDGy4eNKBWQ","5.97579954","RVN","007565a024eba34ab020067a834945533dc635ffdd4d64b8c6067634ff0a2e06"
"true","2018-03-27T00:52:39","Received with","Mining","R9vTgLGABP8C1M4ayKt7qAibDGy4eNKBWQ","5.96615373","RVN","f1b9633302ecc88f88168ac2ca498336a48366d8b6c80fbd4b4d74b8e01f02d6"
"true","2018-03-26T21:39:12","Received with","Mining","R9vTgLGABP8C1M4ayKt7qAibDGy4eNKBWQ","5.96057139","RVN","a0e5cd8f682600edb3adbae51d015ec4de87500480a3d3a0ec1430f69da6c08d"
"true","2018-03-25T22:23:06","Received with","Mining","R9vTgLGABP8C1M4ayKt7qAibDGy4eNKBWQ","6.22101457","RVN","b0715c9820d4e2673a9643e7b9c7c35069211899ccabb97328824044ac23120c"
"true","2018-03-25T20:07:23","Received with","Mining","R9vTgLGABP8C1M4ayKt7qAibDGy4eNKBWQ","5.28027529","RVN","0a8629358ed1090a67a6d8d2e5d7413cb1b88f80e0b1c94ba13f649affc9298f"
"true","2018-03-25T17:45:56","Received with","Mining","R9vTgLGABP8C1M4ayKt7qAibDGy4eNKBWQ","8.46409158","RVN","923617a70536257bfe68f94df3af5408e4f99c6916088294bf0caf35172654ca"
"true","2018-03-25T14:20:54","Received with","Mining","R9vTgLGABP8C1M4ayKt7qAibDGy4eNKBWQ","1.27270864","RVN","89b7e861f93b4c5f8f481f7f97c1d17bf93e497668972111789841edbcbdc774"
"true","2018-03-25T13:10:31","Received with","Mining","R9vTgLGABP8C1M4ayKt7qAibDGy4eNKBWQ","4.35764131","RVN","83f99b138047bab8d110c1278d7979252538b5ed813158dcf08bf36d69876320"
"true","2018-03-25T12:06:43","Received with","Mining","R9vTgLGABP8C1M4ayKt7qAibDGy4eNKBWQ","0.86326198","RVN","0f66c66a877f431814abe9c1aee04bc8dad027c1a8dfc060d266e2ac963e67a0"
"true","2018-03-25T11:08:01","Received with","Mining","R9vTgLGABP8C1M4ayKt7qAibDGy4eNKBWQ","3.87349287","RVN","7da9d5500b17860b9933e0d37430e2bd3e6154e1cddca0f7134a601591add020"
"true","2018-03-25T01:26:42","Received with","Mining","R9vTgLGABP8C1M4ayKt7qAibDGy4eNKBWQ","5.81352564","RVN","e9b7b73f1e89c8244a584e64b27cc3f7d7bc819cbba13a9964ebe73abc320a87"
"true","2018-03-25T00:23:43","Received with","Mining","R9vTgLGABP8C1M4ayKt7qAibDGy4eNKBWQ","0.57078055","RVN","cc7c63fcce15bc4948010e239fb031c44066b7e5c41a30f4e5dab3c5040e905e"
"true","2018-03-24T22:21:15","Received with","Mining","R9vTgLGABP8C1M4ayKt7qAibDGy4eNKBWQ","0.08122305","RVN","fe444d0ac43361e32675d3c7f3905bc25f29c0c7f28dc72623ea87ac3ef5a062"
"true","2018-03-24T18:47:33","Received with","Mining","R9vTgLGABP8C1M4ayKt7qAibDGy4eNKBWQ","2.51202543","RVN","be3a88c25a4ccffa1f2df57efe2c1d4fb255d065d235c3f1f91deced43d448d9"
"true","2018-03-24T17:44:55","Received with","Mining","R9vTgLGABP8C1M4ayKt7qAibDGy4eNKBWQ","0.28426578","RVN","4514de62f4cdc02f609ea81b4ef16e72f549f692ce9f356678cee3a4cf26b0e1"
"true","2018-03-24T16:39:49","Received with","Mining","R9vTgLGABP8C1M4ayKt7qAibDGy4eNKBWQ","0.35015481","RVN","527394223130999619a95334f65e01715b1341198b2adc3e7c24b9afd2f338a7"
"true","2018-03-24T15:40:56","Received with","Mining","R9vTgLGABP8C1M4ayKt7qAibDGy4eNKBWQ","2.15178604","RVN","82d78ae83269840933118e8d9ced851652b0d42bcd2b03faba9be2f3d02b2863"
"true","2018-03-24T14:32:52","Received with","Mining","R9vTgLGABP8C1M4ayKt7qAibDGy4eNKBWQ","3.38171390","RVN","0aa4549cc338382ea36deda31a8f1fc5aaaa67b784b1cb0ee6b95fdb7b2dd00b"
"true","2018-03-24T13:32:05","Received with","Mining","R9vTgLGABP8C1M4ayKt7qAibDGy4eNKBWQ","2.77903771","RVN","62baf62a9f3008eab86bc571c3063d3eda1ab33676629291c775a7cad86e75d7"
"true","2018-03-24T02:20:11","Received with","Mining","R9vTgLGABP8C1M4ayKt7qAibDGy4eNKBWQ","0.42450889","RVN","851da83f341e42eee96fb50eab07be14a795eb1d402ff80b2638515c1735f625"
"true","2018-03-24T01:20:02","Received with","Mining","R9vTgLGABP8C1M4ayKt7qAibDGy4eNKBWQ","0.49886283","RVN","7493b0039c6a3f189c14797539da3ead7cce0051288185dcd4ba80b443b5fbbc"
"true","2018-03-24T00:18:32","Received with","Mining","R9vTgLGABP8C1M4ayKt7qAibDGy4eNKBWQ","0.32788734","RVN","4ade54a2a79a0a4aa8bffbe146df2f76e99269c7bb26695ef287e0916c8c7be8"
"true","2018-03-23T23:16:53","Received with","Mining","R9vTgLGABP8C1M4ayKt7qAibDGy4eNKBWQ","4.09568029","RVN","4641848b3b24f3d559ba7b9a531874b1e345118beef48b40a22aa1bb35e09f2f"
"true","2018-03-23T22:17:03","Received with","Mining","R9vTgLGABP8C1M4ayKt7qAibDGy4eNKBWQ","1.89421358","RVN","9ebc17f9b042fd2ebc53f2d7e165cfe546390f2e6d97ae74635b5a751b62139a"
"true","2018-03-23T21:13:56","Received with","Mining","R9vTgLGABP8C1M4ayKt7qAibDGy4eNKBWQ","3.67521719","RVN","c20e03f8093e3e93f88b432c33d51bbdf55863b27b58b164305c26bb443067d2"
"true","2018-03-23T00:23:29","Received with","Mining","R9vTgLGABP8C1M4ayKt7qAibDGy4eNKBWQ","1.95878183","RVN","b8abbc6564a7592f67f947efc604ed6bab1818f269ddb85cb353b721a6abc275"
"true","2018-03-22T23:21:55","Received with","Mining","R9vTgLGABP8C1M4ayKt7qAibDGy4eNKBWQ","2.09169125","RVN","48fa695cf3eed110fb5b5c0b137b29132db3c328b7e8b50e5f9bad4a657af4ab"
"true","2018-03-22T23:18:31","Received with","Mining","R9vTgLGABP8C1M4ayKt7qAibDGy4eNKBWQ","2.09169125","RVN","08c7be3b459a34c3d301a2e3a350d5bab4900655123082f7bb0c56d4ad1a1dc2"
"true","2018-03-22T22:09:54","Received with","Mining","R9vTgLGABP8C1M4ayKt7qAibDGy4eNKBWQ","3.25595765","RVN","480063942dbfb9d6ddb722d2f8a796516c081b67efa1b0757c236b6905e19c65"
"true","2018-03-22T21:08:58","Received with","Mining","R9vTgLGABP8C1M4ayKt7qAibDGy4eNKBWQ","2.01627664","RVN","d9c7e227920f01cc2ca9a22fdbe94fbd5e5994347cd1547474f222983b6761e8"
"true","2018-03-22T04:03:52","Received with","Mining","R9vTgLGABP8C1M4ayKt7qAibDGy4eNKBWQ","1.05108129","RVN","f2e140fad503884f3553958da24e5e4f76c667de3f5ad3649b08a3ac6ef2119d"
"true","2018-03-22T03:54:36","Received with","Mining","R9vTgLGABP8C1M4ayKt7qAibDGy4eNKBWQ","1.04055907","RVN","a6afd469ddaa7a3a19859465ab6ed2c27130c580d8246224299846aa341457e3"
"true","2018-03-22T02:43:44","Received with","Mining","R9vTgLGABP8C1M4ayKt7qAibDGy4eNKBWQ","1.05108129","RVN","0108783f1088d115040056621d6549dda139516927fbda99d9dd851cf76e1951"
"true","2018-03-22T00:16:08","Received with","Mining","R9vTgLGABP8C1M4ayKt7qAibDGy4eNKBWQ","0.30206666","RVN","0b92cd68e1af5f876668e9be52f7a3b61047b884c8ce12a9c8973e1089995ad6"
"true","2018-03-21T23:07:06","Received with","Mining","R9vTgLGABP8C1M4ayKt7qAibDGy4eNKBWQ","0.93124424","RVN","40b029577c8ab19b951cf22c063466aa1e6aab50eaa5e418dec722321858ec48"
"true","2018-03-21T22:04:45","Received with","Mining","R9vTgLGABP8C1M4ayKt7qAibDGy4eNKBWQ","1.74102243","RVN","4eca6951d0dc94808f562943c73856c93e21705fa2ace725e436f0fdedf22c14"
"true","2018-03-21T20:55:19","Received with","Mining","R9vTgLGABP8C1M4ayKt7qAibDGy4eNKBWQ","0.74276096","RVN","23f20d6b39a5ab09b4739fc2b35cbe210e4f66d92ad794bd277a013530b05cb0"
"true","2018-03-21T01:31:30","Received with","Mining","R9vTgLGABP8C1M4ayKt7qAibDGy4eNKBWQ","0.77987764","RVN","2263bd986ec1aac0504b83f7e2a6665e2bf1bc64698a84e2a04a061a48203589"
"true","2018-03-21T00:29:45","Received with","Mining","R9vTgLGABP8C1M4ayKt7qAibDGy4eNKBWQ","1.56788195","RVN","2c3867a96ec9ddd0360fdf2c59c6418cf21092c45b29dd7c87bd1ba253df7c8d"
"true","2018-03-20T23:29:54","Received with","Mining","R9vTgLGABP8C1M4ayKt7qAibDGy4eNKBWQ","0.35684748","RVN","2a49880115df7cee92ac2c0d2631ab039936c7bc247b961832aa159d897c60a3"
"true","2018-03-20T22:29:42","Received with","Mining","R9vTgLGABP8C1M4ayKt7qAibDGy4eNKBWQ","3.16453293","RVN","b330d80a172e17ff2510e9e0e10011d75a60fbeeb6920ff702e7cedd038263e9"
"true","2018-03-20T21:28:12","Received with","Mining","R9vTgLGABP8C1M4ayKt7qAibDGy4eNKBWQ","1.84045114","RVN","a278cd2cce83267db1d1c6cb4d628afb31063bb453cf19b3037893c3faaa1f1b"
"true","2018-03-20T01:07:16","Received with","Mining","R9vTgLGABP8C1M4ayKt7qAibDGy4eNKBWQ","1.04272443","RVN","9b9227a68d4697f5b78e48b16104eef2eb32d584e827c30272b0a4a496eec659"
"true","2018-03-20T00:00:22","Received with","Mining","R9vTgLGABP8C1M4ayKt7qAibDGy4eNKBWQ","0.12170734","RVN","48f12705e2946d02cfd956bb2208c0f5b9ddc8aa7f5f00c423647fe88e015d1b"
"true","2018-03-19T22:59:57","Received with","Mining","R9vTgLGABP8C1M4ayKt7qAibDGy4eNKBWQ","3.16768604","RVN","2cd0ae11d9d6ea67c088de9e16224591046794ec60901bae09de9adec3452cde"
"true","2018-03-19T22:00:04","Received with","Mining","R9vTgLGABP8C1M4ayKt7qAibDGy4eNKBWQ","4.83672185","RVN","f91968490875dce9f5b271471e023b5cf7e1aef4aa06766c22d6c6fa2dc5aa4b"
"true","2018-03-19T20:57:39","Received with","Mining","R9vTgLGABP8C1M4ayKt7qAibDGy4eNKBWQ","3.32758247","RVN","7fe33822f5fafac06527acf7af9b844543e5016c26f77346f97caa9f036723f7"
"true","2018-03-19T01:38:59","Received with","Mining","R9vTgLGABP8C1M4ayKt7qAibDGy4eNKBWQ","0.14360017","RVN","4b065780f9255a6959aa8d727f2ca091b76419c8b4e36b4bce07c4624e329d74"
"true","2018-03-19T00:35:51","Received with","Mining","R9vTgLGABP8C1M4ayKt7qAibDGy4eNKBWQ","0.64848203","RVN","1513e0865cfcebdbc87086a601ceda3848749e6c768c3bcbcd38464bd6f64c9e"
"true","2018-03-18T23:35:46","Received with","Mining","R9vTgLGABP8C1M4ayKt7qAibDGy4eNKBWQ","3.04272109","RVN","6cdaf544087503b183eadab8b07fdbe6019b3b008f7a81483311d890bd282031"
"true","2018-03-18T22:33:42","Received with","Mining","R9vTgLGABP8C1M4ayKt7qAibDGy4eNKBWQ","3.90539234","RVN","df5a0b4913052079ffc6ea538e198fd4b55c884dc8afd01c9b14de099ae26840"
"true","2018-03-18T21:32:15","Received with","Mining","R9vTgLGABP8C1M4ayKt7qAibDGy4eNKBWQ","2.54471663","RVN","bd64bc163f2d041210f110ddea4a9c6c853ae7b147dc8e371f94a0b867afb68c"
"true","2018-03-18T20:29:50","Received with","Mining","R9vTgLGABP8C1M4ayKt7qAibDGy4eNKBWQ","1.78106312","RVN","8e1e66f7f130c431a59d04e055ccccbe2f8f6699a79e6d4fa60c2dbd34d69d4e"
"true","2018-03-18T19:29:23","Received with","Mining","R9vTgLGABP8C1M4ayKt7qAibDGy4eNKBWQ","1.94279387","RVN","70b063194d0a4d7997f70690d17e35c5b360494d666f01550bc62112a9147ddb"
"true","2018-03-18T18:28:17","Received with","Mining","R9vTgLGABP8C1M4ayKt7qAibDGy4eNKBWQ","2.97145334","RVN","bddafe1e531f1b9fecb52c2d8678de8f1c04d6790f02228a897eaae4a702b365"
"true","2018-03-18T17:28:03","Received with","Mining","R9vTgLGABP8C1M4ayKt7qAibDGy4eNKBWQ","1.08625820","RVN","532dfac2e7d5fdff9ac87f402a06d161358c0a51666235e4330b90c265756889"
"true","2018-03-18T16:26:16","Received with","Mining","R9vTgLGABP8C1M4ayKt7qAibDGy4eNKBWQ","3.18477277","RVN","cdefe8e69c160d42d96171be0018dfadf87fa264cd898b7f663a8cecc440c666"
"true","2018-03-18T15:25:07","Received with","Mining","R9vTgLGABP8C1M4ayKt7qAibDGy4eNKBWQ","2.04177954","RVN","6efdc79f3aedacafa6036bcd40ce8e5ec39f173a642c8f319f61e68fd27b9b10"
"true","2018-03-18T14:25:25","Received with","Mining","R9vTgLGABP8C1M4ayKt7qAibDGy4eNKBWQ","0.79742083","RVN","6ac474d8c41cea283aeb919810cda0b0ffc773ab056b36aef2670e2075467d4f"
"true","2018-03-18T02:07:14","Received with","Mining","R9vTgLGABP8C1M4ayKt7qAibDGy4eNKBWQ","2.01876573","RVN","800f7e91d91a75022cd0598295b40c9130efd61dfa86a7f0b4aedf3fde3c7a7a"
"true","2018-03-18T01:05:30","Received with","Mining","R9vTgLGABP8C1M4ayKt7qAibDGy4eNKBWQ","1.77406474","RVN","0d6de01cd6e550dd1cd35dec7247361e40d4ddde11fa719bf9bb6a3ef6a02a5a"
"true","2018-03-18T00:03:56","Received with","Mining","R9vTgLGABP8C1M4ayKt7qAibDGy4eNKBWQ","0.19327586","RVN","0a480e39c17d6ea5b2b5c0ccd8bcf685bb8d391f4d97554f824a1e77a2640b81"
"true","2018-03-17T23:03:25","Received with","Mining","R9vTgLGABP8C1M4ayKt7qAibDGy4eNKBWQ","2.27236322","RVN","f70af8a8420d59d6b5255976c03ab5d82837a9cfbc2cb95e244fdc9d971f702f"
"true","2018-03-17T22:04:03","Received with","Mining","R9vTgLGABP8C1M4ayKt7qAibDGy4eNKBWQ","3.52416721","RVN","ce234a8005feceff60fefd85378aedd7f42ed974838a5678572102c66310e561"
"true","2018-03-17T21:03:55","Received with","Mining","R9vTgLGABP8C1M4ayKt7qAibDGy4eNKBWQ","1.87216770","RVN","381182a732c026ae6c82244f85fc4f89d36b1a6a07192a880640021fefd1f862"
"true","2018-03-17T20:04:09","Received with","Mining","R9vTgLGABP8C1M4ayKt7qAibDGy4eNKBWQ","0.44123509","RVN","730c813ed0a749697f44a4a3c02198b181eb200db32097188aaeda9937623d78"
"true","2018-03-17T19:03:30","Received with","Mining","R9vTgLGABP8C1M4ayKt7qAibDGy4eNKBWQ","3.19015016","RVN","fd1a93dc04225b0cb154a04340d2a49ee0b75ee19910133a7fe15caa37ae3110"
"true","2018-03-17T17:58:30","Received with","Mining","R9vTgLGABP8C1M4ayKt7qAibDGy4eNKBWQ","2.88805997","RVN","918db81be7954a31b7ef33734a61722109e0c1e43faf4bc5750b699398b2c1a9"
"true","2018-03-17T17:00:09","Received with","Mining","R9vTgLGABP8C1M4ayKt7qAibDGy4eNKBWQ","2.23660829","RVN","4f51916b17760af5ffac163aee1d1dc8ea91c1ede21d94949efbbcc7acc364b8"
"true","2018-03-17T15:55:02","Received with","Mining","R9vTgLGABP8C1M4ayKt7qAibDGy4eNKBWQ","2.04929341","RVN","4c3471171a87f08375c0971d9da3dd06cc1cf2faf80e9c7f5babca9c9a8b3f51"
"true","2018-03-17T14:53:53","Received with","Mining","R9vTgLGABP8C1M4ayKt7qAibDGy4eNKBWQ","3.09729430","RVN","ad4f584476cef376a8776297eed080d841ff9c65aae10a02b4327f59649de446"
"true","2018-03-17T14:05:57","Received with","Mining","R9vTgLGABP8C1M4ayKt7qAibDGy4eNKBWQ","0.58999284","RVN","3a65f476c96953bd6100136618a460657087d0e1ecdc639a7081ed68df068f6b"
"true","2018-03-17T02:37:37","Received with","Mining","R9vTgLGABP8C1M4ayKt7qAibDGy4eNKBWQ","0.19146808","RVN","56012cb1bc6691119bd170696a4475e98139205ce8ed66b06327f582616a01ef"
"true","2018-03-17T01:37:53","Received with","Mining","R9vTgLGABP8C1M4ayKt7qAibDGy4eNKBWQ","2.08427271","RVN","1a3fce680d249bac1fea481c316d71dfffb2514208e47d7891cedafe50fca7d8"
"true","2018-03-17T00:35:59","Received with","Mining","R9vTgLGABP8C1M4ayKt7qAibDGy4eNKBWQ","0.29934977","RVN","c70731da7ba674c87d66d95ee894ebff8124fd6381b5cfeee6e214382941ce27"
"true","2018-03-16T23:36:27","Received with","Mining","R9vTgLGABP8C1M4ayKt7qAibDGy4eNKBWQ","0.20457683","RVN","136d7b8e41253e9ad72c564472a74246367b427875ca4787ef1bf1ade0eead90"
"true","2018-03-16T22:29:51","Received with","Mining","R9vTgLGABP8C1M4ayKt7qAibDGy4eNKBWQ","3.70346955","RVN","d26307c35b686d4d8251f6db0d882c1573366ecd801c29aa68a9ec5afe659820"
"true","2018-03-16T21:29:09","Received with","Mining","R9vTgLGABP8C1M4ayKt7qAibDGy4eNKBWQ","5.25945320","RVN","ad317a29d1fecbb702372f5282f1fffd717f64d2b840dc70a8dfbbd334f72b53"
"true","2018-03-16T21:09:29","Received with","Mining","R9vTgLGABP8C1M4ayKt7qAibDGy4eNKBWQ","0.04210816","RVN","fc4aaee8dc113b3213a620b5e470711c55a1b96a2f966e0bf3d8ddae4e1212e4"
"true","2018-03-16T20:28:30","Received with","Mining","R9vTgLGABP8C1M4ayKt7qAibDGy4eNKBWQ","0.77773026","RVN","d88bb75d7e3b7bdabf0fda286b33b269342e2b0a13209b17253f6f6c0fae5758"
"true","2018-03-16T00:50:10","Received with","Mining","R9vTgLGABP8C1M4ayKt7qAibDGy4eNKBWQ","0.45764360","RVN","6cecd83bde40f0260868e966fabe96520dde9f84640bb854f68e74e17cea977f"
